SMILES,CID,canonical_CID,pIC50,series
CNC(=O)CN1C[C@@H](C(=O)Nc2cncc3ccccc23)c2cc(Cl)ccc2C1=O,MAT-POS-a54ce14d-2,MAT-POS-a54ce14d-2,7.704785438017985,Ugi
CNC(=O)CN1CC(C(=O)Nc2cncc3cc(NS(C)(=O)=O)ccc23)c2cc(Cl)ccc2C1=O,MAT-POS-b4d6b7fc-2,MAT-POS-b4d6b7fc-2,7.354625492315057,Ugi
O=C(Nc1cncc2ccccc12)[C@@H]1CCNc2cc(Cl)c(Cl)cc21,MAT-POS-f9802937-8,MAT-POS-f9802937-8,7.323813451520703,3-aminopyridine-like
CNC(=O)C1(N2C[C@@]3(CCN(c4cncc5ccccc45)C3=O)c3cc(Cl)ccc3C2=O)CC1,MAT-POS-e48723dc-2,MAT-POS-e48723dc-2,7.301029989192489,Ugi
CNC(=O)CN1C(=O)c2ccc(Cl)cc2C(C(=O)Nc2cncc3cc(S(C)(=O)=O)ccc23)C1C,EDG-MED-ee636701-1,EDG-MED-ee636701-1,7.301029989192489,Ugi
CNC(=O)CN1C[C@@]2(CCN(c3cncc4ccccc34)C2=O)c2cc(Cl)ccc2C1=O,LUO-POS-9931618f-2,LUO-POS-9931618f-2,7.277722831964111,Ugi
CNC(=O)CN1CC(C(=O)Nc2cncc3ccccc23)c2cc(Cl)ccc2C1=O,EDJ-MED-015fb6b4-2,EDJ-MED-015fb6b4-2,7.275909838640189,Ugi
CNC(=O)C1(N2CC(C(=O)Nc3cncc4ccccc34)c3cc(Cl)ccc3C2=O)CC1,EDJ-MED-12c4873b-2,EDJ-MED-12c4873b-2,7.257016462836408,Ugi
COc1ccc2cncc(NC(=O)[C@H]3CCNc4cc(Cl)c(Cl)cc43)c2c1,MAT-POS-ec6d90b7-6,MAT-POS-ec6d90b7-6,7.207693140135605,3-aminopyridine-like
CNC(=O)CN1CC(C(=O)Nc2cncc3ccc(NS(C)(=O)=O)cc23)c2cc(Cl)ccc2C1=O,MAT-POS-2e8b2191-11,MAT-POS-2e8b2191-11,7.1774143975656,Ugi
CNC(=O)CN1CC(C(=O)Nc2cncc3cc(S(C)(=O)=O)ccc23)c2cc(Cl)ccc2C1=O,MAT-POS-2e8b2191-12,MAT-POS-2e8b2191-12,7.128736663133874,Ugi
[2H]C([2H])([2H])O[C@@]1(C(=O)Nc2cncc3ccccc23)CCOc2ccc(Cl)cc21,PET-UNK-bcc8fd08-1,PET-UNK-bcc8fd08-1,7.0755497829065686,3-aminopyridine-like
CO[C@@]1(C(=O)Nc2cncc3ccccc23)CCOc2ccc(Cl)cc21,PET-UNK-29afea89-2,PET-UNK-29afea89-2,7.0755497829065686,3-aminopyridine-like
CNC(=O)C1(N2CC3(CCN(c4cncc5ccccc45)C3=O)c3cc(Cl)ccc3C2=O)CC1,EDJ-MED-976a33d5-1,EDJ-MED-976a33d5-1,7.044005253106347,Ugi
CNC(=O)CN1CC(C(=O)Nc2cncc3cccc(Cl)c23)c2cc(Cl)ccc2C1=O,EDJ-MED-0186a59b-8,EDJ-MED-0186a59b-8,7.037822023557673,Ugi
CNC(=O)CN1C[C@@H](C(=O)Nc2cncc3ccc(F)cc23)c2cc(Cl)ccc2C1=O,MAT-POS-c7726e07-4,MAT-POS-c7726e07-4,7.024101382188657,Ugi
CNC(=O)CN1C[C@H](C(=O)Nc2cncc3cccc(Cl)c23)c2cc(Cl)ccc2C1=O,MIK-ENA-5d9157e9-4,MIK-ENA-5d9157e9-4,7.015999062915368,Ugi
CNC(=O)CN1C[C@H](C(=O)Nc2cncc3ccc(F)cc23)c2cc(Cl)ccc2C1=O,MAT-POS-c7726e07-3,MAT-POS-c7726e07-3,7.0157861773729335,Ugi
O=C(CN1CC(C(=O)Nc2cncc3ccccc23)c2cc(Cl)ccc2C1=O)NCC1CC1,RAL-THA-a9c31980-6,RAL-THA-a9c31980-6,7.01223102831005,Ugi
CC(C)(C)c1ccc(N(C(=O)c2ccco2)[C@H](C(=O)NCCc2cccc(F)c2)c2cccnc2)cc1,MAT-POS-f2460aef-1,MAT-POS-f2460aef-1,6.9986985208089765,Ugi
CCNC(=O)CN1CC(C(=O)Nc2cncc3cc(S(C)(=O)=O)ccc23)c2cc(Cl)ccc2C1=O,EDJ-MED-e69ed63d-8,EDJ-MED-e69ed63d-8,6.996537377118823,Ugi
CCNC(=O)CN1CC(C(=O)Nc2cncc3ccccc23)c2cc(Cl)ccc2C1=O,RAL-THA-a9c31980-1,RAL-THA-a9c31980-1,6.984892018708371,Ugi
CNC(=O)CN1CC2(CCN(c3cncc4ccccc34)C2=O)c2cc(Cl)ccc2C1=O,EDJ-MED-8bb691af-8,EDJ-MED-8bb691af-8,6.972320813747465,Ugi
O=C(CN1CC(C(=O)Nc2cncc3ccccc23)c2cc(Cl)ccc2C1=O)NCC1CCC1,RAL-THA-a9c31980-9,RAL-THA-a9c31980-9,6.971587252287519,Ugi
COc1ccc2cncc(NC(=O)C3CCOc4cc(F)c(Cl)cc43)c2c1,MAT-POS-96f51285-3,MAT-POS-96f51285-3,6.969580265807751,3-aminopyridine-like
Cc1ccncc1C(C(=O)NCCc1cccc(F)c1)N(C(=O)c1ccco1)c1ccc(C(C)(C)C)cc1,ALP-POS-02c6a514-44,ALP-POS-02c6a514-44,6.950992555934585,Ugi
O=C(CN1CC(C(=O)Nc2cncc3ccccc23)c2cc(Cl)ccc2C1=O)NC1CC1,EDJ-MED-43f8f7d6-4,EDJ-MED-43f8f7d6-4,6.948347778025074,Ugi
CNC(=O)CN1CC(C(=O)Nc2cncc3ccc(F)cc23)c2cc(Cl)ccc2C1=O,MAT-POS-e119ab4f-2,MAT-POS-e119ab4f-2,6.922378293898484,Ugi
O=C(Nc1cncc2ccccc12)[C@@H]1CCOc2cc(F)c(Cl)cc21,MAT-POS-a13804f0-3,MAT-POS-a13804f0-3,6.91977636386079,3-aminopyridine-like
CNC(=O)CN1C[C@@]2(CC(=O)N(c3cncc4ccccc34)C2=O)c2cc(Cl)ccc2C1=O,LUO-POS-868e8996-7,LUO-POS-868e8996-7,6.911767413832813,Ugi
CO[C@]1(C(=O)Nc2cncc3ccccc23)CCOc2cc(F)c(Cl)cc21,MAT-POS-993cdc78-1,MAT-POS-993cdc78-1,6.904837184319979,3-aminopyridine-like
O=C(CN1CC(C(=O)Nc2cncc3ccccc23)c2cc(Cl)ccc2C1=O)NC1CCC1,RAL-THA-a9c31980-2,RAL-THA-a9c31980-2,6.8887504095455565,Ugi
CCCNC(=O)CN1CC(C(=O)Nc2cncc3ccccc23)c2cc(Cl)ccc2C1=O,RAL-THA-a9c31980-5,RAL-THA-a9c31980-5,6.885164118201907,Ugi
COc1ccc2cncc(NC(=O)C3CCNc4cc(Cl)c(Cl)cc43)c2c1,MAT-POS-96f51285-6,MAT-POS-96f51285-6,6.883490931654651,3-aminopyridine-like
CNC(=O)CN1CC2(CCN(c3cncc4ccc(Cl)cc34)C2=O)c2cc(Cl)ccc2C1=O,EDG-MED-b1ef7fe3-1,EDG-MED-b1ef7fe3-1,6.844484778190617,Ugi
CNC(=O)CN1C[C@H](C(=O)Nc2cncc3cc(Cl)ccc23)c2cc(Cl)ccc2C1=O,LUO-POS-74179f4f-1,LUO-POS-74179f4f-1,6.825885416785643,Ugi
CNC(=O)CN1CC(C(=O)Nc2cncc3cc(F)ccc23)c2cc(Cl)ccc2C1=O,MAT-POS-e119ab4f-1,MAT-POS-e119ab4f-1,6.814449958964532,Ugi
O=C(Nc1cncc2ccccc12)C1CCNc2cc(Cl)c(Cl)cc21,ALP-UNI-3735e77e-4,ALP-UNI-3735e77e-4,6.813746345696939,3-aminopyridine-like
C[C@H]1COc2ccc(Cl)cc2[C@@H]1C(=O)Nc1cncc2ccccc12,EDJ-MED-e4b030d8-11,EDJ-MED-e4b030d8-11,6.804843628547741,3-aminopyridine-like
CCNC(=O)CN1CC(C(=O)Nc2cncc3cc(F)ccc23)c2cc(Cl)ccc2C1=O,EDJ-MED-e69ed63d-7,EDJ-MED-e69ed63d-7,6.793952180723515,Ugi
CO[C@@]1(C(=O)Nc2cncc3ccc(F)cc23)CCOc2ccc(Cl)cc21,EDJ-MED-611d11e7-4,EDJ-MED-611d11e7-4,6.785798107602203,3-aminopyridine-like
O=C(Nc1cncc2ccc(F)cc12)[C@H]1CCNc2cc(Cl)c(Cl)cc21,MAT-POS-ec6d90b7-5,MAT-POS-ec6d90b7-5,6.776496838737764,3-aminopyridine-like
CCCNC(=O)CN1CC(C(=O)Nc2cncc3cc(S(C)(=O)=O)ccc23)c2cc(Cl)ccc2C1=O,EDJ-MED-e69ed63d-14,EDJ-MED-e69ed63d-14,6.77570569045328,Ugi
CNC(=O)CN1CC(C)(C(=O)Nc2cncc3ccccc23)c2cc(Cl)ccc2C1=O,ALP-POS-e266d783-1,ALP-POS-e266d783-1,6.767365868038406,Ugi
O=C(Nc1cncc2ccc(O)cc12)C1CCOc2ccc(Cl)cc21,BEN-DND-c852c98b-4,BEN-DND-c852c98b-4,6.755344234333586,3-aminopyridine-like
CS(=O)(=O)c1ccc2c(NC(=O)C3CN(CC(=O)NCC4CC4)C(=O)c4ccc(Cl)cc43)cncc2c1,EDJ-MED-e69ed63d-16,EDJ-MED-e69ed63d-16,6.753289651946066,Ugi
O=C1NC[C@H](C(=O)Nc2cncc3ccccc23)c2cc(Cl)ccc21,MAT-POS-865c3497-1,MAT-POS-865c3497-1,6.732144372340537,3-aminopyridine-like
O=C(Nc1cncc2ccccc12)C1CCOc2cc(F)c(Cl)cc21,RAL-THA-05e671eb-10,RAL-THA-05e671eb-10,6.731405237766414,3-aminopyridine-like
COC1(C(=O)Nc2cncc3ccccc23)CCOc2ccc(Cl)cc21,EDG-MED-0e5afe9d-3,EDG-MED-0e5afe9d-3,6.731404929601618,3-aminopyridine-like
CO[C@@]1(C(=O)Nc2cncc3ccccc23)CCOc2c(F)cc(F)cc21,MAT-POS-932d1078-3,MAT-POS-932d1078-3,6.6913299011477,3-aminopyridine-like
O=C(Nc1cncc2ccccc12)C1CCOc2cc(Cl)c(Cl)cc21,ALP-POS-869ac754-1,ALP-POS-869ac754-1,6.686495854610017,3-aminopyridine-like
O=C1NCC(C(=O)Nc2cncc3ccccc23)c2cc(Cl)ccc21,MIC-UNK-91acba05-1,MIC-UNK-91acba05-1,6.6819762982663695,3-aminopyridine-like
O=C(Nc1cncc2ccccc12)[C@@H]1CCOc2ccc(Cl)cc21,MAT-POS-b3e365b9-1,MAT-POS-b3e365b9-1,6.67903921895171,3-aminopyridine-like
O=C(Nc1cncc2ccccc12)C1CCSc2ccc(Cl)cc21,MAT-POS-78e1d523-1,MAT-POS-78e1d523-1,6.671798010782506,3-aminopyridine-like
CS(=O)(=O)c1ccc2c(NC(=O)C3CN(CC(=O)NC4CC4)C(=O)c4ccc(Cl)cc43)cncc2c1,EDJ-MED-e69ed63d-4,EDJ-MED-e69ed63d-4,6.669984894461097,Ugi
O=C(CN1CC(C(=O)Nc2cncc3cc(F)ccc23)c2cc(Cl)ccc2C1=O)NCC1CC1,EDJ-MED-e69ed63d-15,EDJ-MED-e69ed63d-15,6.665534739498015,Ugi
COC(=O)N1Cc2ccc(Cl)cc2C(C(=O)Nc2cncc3ccccc23)C1,RAL-THA-6e4c80cf-1,RAL-THA-6e4c80cf-1,6.650436121312674,3-aminopyridine-like
COC1(C(=O)Nc2cncc3ccccc23)CCOc2c(F)cc(F)cc21,EDJ-MED-37aac4bd-4,EDJ-MED-37aac4bd-4,6.648302213294596,3-aminopyridine-like
COc1ccc2cncc(NC(=O)C3CCOc4ccc(Cl)cc43)c2c1,MAT-POS-f9802937-7,MAT-POS-f9802937-7,6.643836090652268,3-aminopyridine-like
Cc1cc2c(NC(=O)C3CCOc4ccc(Cl)cc43)cncc2s1,MAT-POS-14f31916-1,MAT-POS-14f31916-1,6.642343930080237,3-aminopyridine-like
C[C@@H]1C[C@@H](C(=O)Nc2cncc3ccccc23)c2cc(Cl)ccc2O1,EDJ-MED-e4b030d8-2,EDJ-MED-e4b030d8-2,6.635821047871125,3-aminopyridine-like
O=C(Nc1cncc2ccccc12)C1=CCCc2ccc(Cl)cc21,MAT-POS-0c8fa4a7-1,MAT-POS-0c8fa4a7-1,6.632146214288753,3-aminopyridine-like
CCOC(=O)N1Cc2ccc(Cl)cc2C(C(=O)Nc2cncc3ccccc23)C1,RAL-THA-6e4c80cf-2,RAL-THA-6e4c80cf-2,6.626217581355247,3-aminopyridine-like
CN1CC[C@H](C(=O)Nc2cncc3ccccc23)c2cc(Cl)ccc21,EDG-MED-5d232de5-5,EDG-MED-5d232de5-5,6.609482475768088,3-aminopyridine-like
COC1(C(=O)Nc2cncc3ccc(F)cc23)CCOc2ccc(Cl)cc21,MAT-POS-a5ef2d74-2,MAT-POS-a5ef2d74-2,6.6089925487031405,3-aminopyridine-like
O=C1C[C@]2(CCOc3ccc(Cl)cc32)C(=O)N1c1cncc2ccccc12,VLA-UCB-50c39ae8-2,VLA-UCB-50c39ae8-2,6.608701955429997,3-aminopyridine-like
CC(C)(C)NC(=O)CN1CC(C(=O)Nc2cncc3cc(S(C)(=O)=O)ccc23)c2cc(Cl)ccc2C1=O,EDJ-MED-d165ed91-4,EDJ-MED-d165ed91-4,6.605478455560347,Ugi
O=C(Nc1cncc2ccc(F)cc12)C1CCNc2cc(Cl)c(Cl)cc21,ALP-UNI-8d415491-6,ALP-UNI-8d415491-6,6.602240929924877,3-aminopyridine-like
NC(=O)N1Cc2ccc(Cl)cc2C(C(=O)Nc2cncc3ccccc23)C1,MAT-POS-dd3ad2b5-3,MAT-POS-dd3ad2b5-3,6.601894972094873,3-aminopyridine-like
CS(=O)(=O)c1ccc2c(NC(=O)C3CN(CC(=O)NC4CCC4)C(=O)c4ccc(Cl)cc43)cncc2c1,EDJ-MED-e69ed63d-10,EDJ-MED-e69ed63d-10,6.598510437515103,Ugi
O=C(Nc1cncc2ccc(F)cc12)[C@H]1CCOc2cc(F)c(Cl)cc21,MAT-POS-ec6d90b7-7,MAT-POS-ec6d90b7-7,6.5956140963538985,3-aminopyridine-like
CNC(=O)CN1CC2(CC(=O)N(c3cncc4ccccc34)C2=O)c2cc(Cl)ccc2C1=O,MAT-POS-1bed62cf-2,MAT-POS-1bed62cf-2,6.584413265709041,Ugi
O=C(Nc1cncc2ccccc12)N(CCC1CCCCC1)c1cccc(Cl)c1,EDJ-MED-c314995a-1,EDJ-MED-c314995a-1,6.58391395513528,3-aminopyridine-like
O=C(Nc1cncc2ccccc12)C1CCOc2c(Cl)cc(Cl)cc21,ALP-UNI-3735e77e-2,ALP-UNI-3735e77e-2,6.575936237686955,3-aminopyridine-like
CNC(=O)N1Cc2ccc(Cl)cc2C(C(=O)Nc2cncc3ccccc23)C1,MAT-POS-dd3ad2b5-5,MAT-POS-dd3ad2b5-5,6.5646525357259,3-aminopyridine-like
CN(C)C(=O)N1Cc2ccc(Cl)cc2C(C(=O)Nc2cncc3ccccc23)C1,MAT-POS-4223bc15-18,MAT-POS-4223bc15-18,6.560247716757757,3-aminopyridine-like
O=C1CC(C(=O)Nc2cncc3ccccc23)c2cc(Cl)c(Cl)cc2N1,ALP-POS-fe871b40-16,ALP-POS-fe871b40-16,6.559339950243411,3-aminopyridine-like
O=C(Cc1ccc(Cl)c(Cl)c1)Nc1cncc2ccccc12,MAT-POS-23a8a11a-1,MAT-POS-23a8a11a-1,6.551530977691473,3-aminopyridine-like
O=C(NCCc1cccc(F)c1)C(c1cccnc1)N(C(=O)c1ccco1)c1ccc(C2CCCC2)cc1,ALP-POS-b0bc6a46-5,ALP-POS-b0bc6a46-5,6.550246416644557,Ugi
C[C@@]1(C(=O)Nc2cncc3ccccc23)CCOc2ccc(Cl)cc21,EDJ-MED-e4b030d8-13,EDJ-MED-e4b030d8-13,6.547253541425725,3-aminopyridine-like
O=C(Nc1cncc2ccccc12)C1CCS(=O)(=O)c2ccc(Cl)cc21,MIC-UNK-91acba05-3,MIC-UNK-91acba05-3,6.541167097234313,3-aminopyridine-like
CC(C)(C)c1ccc(N(C(=O)c2c[nH]cn2)C(C(=O)NCCc2cccc(F)c2)c2cccnc2)cc1,MAT-POS-f2460aef-3,MAT-POS-f2460aef-3,6.535034720838211,Ugi
O=C(Nc1cncc2cc(F)ccc12)[C@@H]1CCS(=O)(=O)c2ccc(Cl)cc21,PET-UNK-2c6614b6-5,PET-UNK-2c6614b6-5,6.531201138327107,3-aminopyridine-like
O=C(NCc1ccccn1)[C@H]1CN(C(=O)CCl)CCN1S(=O)(=O)c1ccsc1,DAN-MCD-52f1549c-1,DAN-MCD-52f1549c-1,6.512665002164438,piperazine-chloroacetamide
CO[C@]1(C(=O)Nc2cncc3ccccc23)CCOc2cc(Cl)c(Cl)cc21,EDJ-MED-d08626de-3,EDJ-MED-d08626de-3,6.512390701093533,3-aminopyridine-like
O=C(Nc1cncc2ccc(F)cc12)C1CCOc2cc(F)c(Cl)cc21,MAT-POS-96f51285-5,MAT-POS-96f51285-5,6.502847420045941,3-aminopyridine-like
CC(C)(C)c1ccc(N(C(=O)c2ccc(Cl)o2)C(C(=O)NCCc2cccc(F)c2)c2cccnc2)cc1,MAT-POS-f2460aef-4,MAT-POS-f2460aef-4,6.50189937834566,Ugi
CCCNC(=O)CN1CC(C(=O)Nc2cncc3cc(F)ccc23)c2cc(Cl)ccc2C1=O,EDJ-MED-e69ed63d-13,EDJ-MED-e69ed63d-13,6.495171906703285,Ugi
O=C(Nc1cncc2ccc(F)cc12)[C@@H]1CCOc2ccc(Cl)cc21,EDG-MED-5d232de5-1,EDG-MED-5d232de5-1,6.491519540998661,3-aminopyridine-like
O=C(Nc1cncc2ccccc12)C1CCCc2ccc(Cl)cc21,ALP-POS-477dc5b7-1,ALP-POS-477dc5b7-1,6.489626129796581,3-aminopyridine-like
CNC(=O)CN1CC(C(=O)Nc2cncc3ccc(S(C)(=O)=O)cc23)c2cc(Cl)ccc2C1=O,EDJ-MED-ce467fd5-1,EDJ-MED-ce467fd5-1,6.482010309654017,Ugi
Cc1cccc2cncc(NC(=O)Cc3cccc(Cl)c3)c12,MIC-UNK-50cce87d-3,MIC-UNK-50cce87d-3,6.479680412001171,3-aminopyridine-like
CC(C)NC(=O)CN1CC(C(=O)Nc2cncc3cc(S(C)(=O)=O)ccc23)c2cc(Cl)ccc2C1=O,EDJ-MED-e69ed63d-2,EDJ-MED-e69ed63d-2,6.478474008922149,Ugi
CN1CC(C(=O)Nc2cncc3ccccc23)c2cc(Cl)ccc2C1=O,MIC-UNK-91acba05-2,MIC-UNK-91acba05-2,6.474983799448172,3-aminopyridine-like
N#CCN1Cc2ccc(Cl)cc2C(C(=O)Nc2cncc3ccccc23)C1,MAT-POS-61f37a1a-12,MAT-POS-61f37a1a-12,6.4749638000101,3-aminopyridine-like
O=C(CN1CC(C(=O)Nc2cncc3cc(F)ccc23)c2cc(Cl)ccc2C1=O)NC1CCC1,EDJ-MED-e69ed63d-9,EDJ-MED-e69ed63d-9,6.468542280845433,Ugi
O=C(CN1CC(C(=O)Nc2cncc3ccccc23)c2cc(Cl)ccc2C1=O)NCC(F)(F)F,RAL-THA-a9c31980-8,RAL-THA-a9c31980-8,6.468540052651457,Ugi
CC(C)(O)c1ccc2cncc(NC(=O)C3CCNc4ccc(Cl)cc43)c2c1,MAT-POS-86c60949-2,MAT-POS-86c60949-2,6.452079832483051,3-aminopyridine-like
CC(=O)N1CC[C@H](C(=O)Nc2cncc3ccccc23)c2cc(Cl)ccc21,EDG-MED-5d232de5-4,EDG-MED-5d232de5-4,6.449993732978767,3-aminopyridine-like
O=C(Nc1cncc2ccccc12)C1CCOc2ccc(Cl)cc21,VLA-UCB-1dbca3b4-15,VLA-UCB-1dbca3b4-15,6.444321282034557,3-aminopyridine-like
CNC(=O)CN1CC(C(=O)Nc2cncc3cccc(C)c23)c2cc(Cl)ccc2C1=O,MAT-POS-e119ab4f-3,MAT-POS-e119ab4f-3,6.4426435169576495,Ugi
O=C1N(c2cncc3ccccc23)CCC[C@@]12CCOc1ccc(Cl)cc12,MAT-POS-e20a5dfb-2,MAT-POS-e20a5dfb-2,6.438163866374801,3-aminopyridine-like
O=C(Cc1ccc(F)c(Cl)c1)Nc1cncc2ccccc12,RAL-THA-2d450e86-6,RAL-THA-2d450e86-6,6.426158504803125,3-aminopyridine-like
O=C(Nc1cncc2ccccc12)C1CN(CC2CC2)C(=O)c2ccc(Cl)cc21,EDJ-MED-eb111c00-3,EDJ-MED-eb111c00-3,6.419300092002029,3-aminopyridine-like
O=C(Cc1cc(F)cc(Cl)c1)Nc1cncc2ccccc12,RAL-THA-2d450e86-14,RAL-THA-2d450e86-14,6.416816819953841,3-aminopyridine-like
CC(=O)N1Cc2ccc(Cl)cc2C(C(=O)Nc2cncc3ccccc23)C1,MAT-POS-dd3ad2b5-2,MAT-POS-dd3ad2b5-2,6.41662402410901,3-aminopyridine-like
CNC(=O)CN1CC(C(=O)Nc2cncc3ccc(C(C)(C)O)cc23)c2cc(Cl)ccc2C1=O,MAT-POS-97ec4bd1-4,MAT-POS-97ec4bd1-4,6.4157518802690845,Ugi
O=C(Nc1ccccc1)[C@H]1CN(C(=O)CCl)CCN1S(=O)(=O)c1ccsc1,DAN-MCD-e5161b06-1,DAN-MCD-e5161b06-1,6.413188473977716,piperazine-chloroacetamide
CC(C)NC(=O)CN1CC(C(=O)Nc2cncc3ccccc23)c2cc(Cl)ccc2C1=O,RAL-THA-a9c31980-3,RAL-THA-a9c31980-3,6.40979672222639,Ugi
CC(C)(C)c1ccc(N(C(=O)c2ccco2)C(C(=O)NCCc2cccc(F)c2)c2cncc3ccccc23)cc1,ALP-POS-02c6a514-32,ALP-POS-02c6a514-32,6.395220311598791,Ugi
COC1(C(=O)Nc2cncc3cc(F)ccc23)CCOc2ccc(Cl)cc21,ALP-POS-6f6ae286-3,ALP-POS-6f6ae286-3,6.385840042989384,3-aminopyridine-like
COC1(C(=O)Nc2cncc3ccccc23)CCOc2cc(F)c(Cl)cc21,ALP-POS-fe871b40-11,ALP-POS-fe871b40-11,6.3821342986644,3-aminopyridine-like
N#Cc1cccc(NC(=O)[C@@H]2CN(C(=O)CCl)CCN2S(=O)(=O)c2ccsc2)c1,DAN-MCD-02570321-1,DAN-MCD-02570321-1,6.381250929557754,piperazine-chloroacetamide
O=C(Cc1cccc(Cl)c1)Nc1cncc2sccc12,JIN-POS-6dc588a4-22,JIN-POS-6dc588a4-22,6.372053754977971,3-aminopyridine-like
CNC(=O)CN1CC2(CCN(c3cncc4cc(F)ccc34)C2=O)c2cc(Cl)ccc2C1=O,EDG-MED-b1ef7fe3-3,EDG-MED-b1ef7fe3-3,6.370664757165085,Ugi
N#Cc1cc(Cl)cc(CC(=O)Nc2cncc3ccccc23)c1,RAL-THA-2d450e86-17,RAL-THA-2d450e86-17,6.3658168163877145,3-aminopyridine-like
CN1CCC(C(=O)Nc2cncc3ccccc23)c2cc(Cl)ccc21,MIC-UNK-91acba05-6,MIC-UNK-91acba05-6,6.353618774423339,3-aminopyridine-like
O=C1CC(C(=O)Nc2cncc3ccccc23)c2cc(Cl)ccc2N1,MIC-UNK-45817b9b-1,MIC-UNK-45817b9b-1,6.350135681228155,3-aminopyridine-like
CNC(=O)CN1CC2(CCN(c3cncc4cc(Cl)ccc34)C2=O)c2cc(Cl)ccc2C1=O,EDG-MED-b1ef7fe3-4,EDG-MED-b1ef7fe3-4,6.347513200278079,Ugi
COc1ccc(NC(=O)[C@@H]2CN(C(=O)CCl)CCN2S(=O)(=O)c2ccsc2)cc1,DAN-MCD-0c04f563-1,DAN-MCD-0c04f563-1,6.3468019598750445,piperazine-chloroacetamide
C[C@@H]1NC(=O)c2ccc(Cl)cc2[C@@H]1C(=O)Nc1cncc2ccccc12,MAT-POS-777f5926-1,MAT-POS-777f5926-1,6.343188391899656,3-aminopyridine-like
CCOC(=O)c1cccc(NC(=O)[C@@H]2CN(C(=O)CCl)CCN2S(=O)(=O)c2ccsc2)c1,DAN-MCD-0742953f-1,DAN-MCD-0742953f-1,6.338227825386538,piperazine-chloroacetamide
O=C(Nc1cncc2ccccc12)C(NC(=O)[C@@H]1CC[C@H](C(=O)N2CCCC2)O1)c1cccc(Cl)c1,MAT-POS-a13804f0-4,MAT-POS-a13804f0-4,6.335659810372236,Ugi
COC1(c2cccc(Cl)c2)CCN(c2cncc3ccccc23)C1=O,ALP-UNI-dbb9503d-1,ALP-UNI-dbb9503d-1,6.330279418235804,3-aminopyridine-like
O=C1CC2(CCOc3ccc(Cl)cc32)C(=O)N1c1cncc2ccccc12,BEN-BAS-c2bc0d80-6,BEN-BAS-c2bc0d80-6,6.313484327721965,3-aminopyridine-like
O=C(Nc1cncc2ccccc12)C1CN(C(=O)C2CC2)Cc2ccc(Cl)cc21,MAT-POS-4223bc15-17,MAT-POS-4223bc15-17,6.312266665421557,3-aminopyridine-like
O=C1N(c2cncc3ccccc23)CCCC12CCOc1ccc(Cl)cc12,ALP-POS-477dc5b7-5,ALP-POS-477dc5b7-5,6.310574418518767,3-aminopyridine-like
O=C(NCc1ccccc1)[C@@H]1CN(C(=O)CCl)CCN1S(=O)(=O)c1ccsc1,DAN-MCD-b3a5626f-1,DAN-MCD-b3a5626f-1,6.2997679735077226,piperazine-chloroacetamide
O=C(Nc1cncc2ccncc12)C1CCNc2cc(Cl)c(Cl)cc21,ALP-UNI-8d415491-4,ALP-UNI-8d415491-4,6.283145145809776,3-aminopyridine-like
O=C(Nc1ccc2ccccc2c1)[C@@H]1CN(C(=O)CCl)CCN1S(=O)(=O)c1ccsc1,DAN-MCD-50d01569-1,DAN-MCD-50d01569-1,6.281765633437134,piperazine-chloroacetamide
CC(C)(C)NC(=O)CN1CC(C(=O)Nc2cncc3ccccc23)c2cc(Cl)ccc2C1=O,RAL-THA-a9c31980-4,RAL-THA-a9c31980-4,6.281687382679505,Ugi
Cc1ccc2cncc(NC(=O)Cc3cccc(Cl)c3)c2c1,RUB-POS-1325a9ea-4,RUB-POS-1325a9ea-4,6.2699593380916445,3-aminopyridine-like
O=C(NCc1ccccn1)[C@@H]1CN(C(=O)CCl)CCN1S(=O)(=O)c1ccsc1,DAN-MCD-8aee1169-1,DAN-MCD-8aee1169-1,6.265863017894954,piperazine-chloroacetamide
COC1(C(=O)Nc2cncc3ccccc23)CCOc2cc(Cl)c(Cl)cc21,EDJ-MED-d08626de-5,EDJ-MED-d08626de-5,6.263441631740795,3-aminopyridine-like
COc1ccc(-c2ccccc2S(=O)(=O)N2CCN(C(=O)CCl)CC2)cc1,PEI-IMP-668afc53-1,PEI-IMP-668afc53-1,6.258578225175471,piperazine-chloroacetamide
O=C(CN1CC(C(=O)Nc2cncc3cc(F)ccc23)c2cc(Cl)ccc2C1=O)NC1CC1,EDJ-MED-e69ed63d-3,EDJ-MED-e69ed63d-3,6.255141384371003,Ugi
CC(C)(C)c1ccc(N(C(=O)c2cocn2)C(C(=O)NCCc2cccc(F)c2)c2cccnc2)cc1,ALP-POS-02c6a514-50,ALP-POS-02c6a514-50,6.254386351311998,Ugi
O=C(Nc1cncc2ccccc12)[C@@H]1COc2ccc(Cl)cc21,EDJ-MED-12c115cc-1,EDJ-MED-12c115cc-1,6.251483397142929,3-aminopyridine-like
CN1C(=O)N(c2cncc3ccccc23)C(=O)C12CCOc1ccc(Cl)cc12,BEN-BAS-c2bc0d80-7,BEN-BAS-c2bc0d80-7,6.249685890326949,3-aminopyridine-like
COCCN1CCC(C(=O)Nc2cncc3ccccc23)c2cc(Cl)ccc21,RAL-THA-4aa06b95-7,RAL-THA-4aa06b95-7,6.248865521539321,3-aminopyridine-like
O=C(Cc1cc(F)cc(F)c1)Nc1cncc2ccccc12,RAL-THA-2d450e86-16,RAL-THA-2d450e86-16,6.24454562045669,3-aminopyridine-like
O=C(Nc1cncc2ccccc12)C1CCOc2c(O)cc(Cl)cc21,ALP-POS-ce760d3f-1,ALP-POS-ce760d3f-1,6.237163430332089,3-aminopyridine-like
O=C(Nc1ccc(F)cc1)[C@@H]1CN(C(=O)CCl)CCN1S(=O)(=O)c1ccsc1,DAN-MCD-c163c0bb-1,DAN-MCD-c163c0bb-1,6.227251839154199,piperazine-chloroacetamide
O=C(Cc1cccc(Cl)c1)Nc1cncc2cccc(Cl)c12,MIC-UNK-50cce87d-2,MIC-UNK-50cce87d-2,6.226407968010155,3-aminopyridine-like
C[C@@]1(C(=O)Nc2cncc3ccccc23)CCNc2cc(Cl)c(Cl)cc21,MAT-POS-c74bc7b3-1,MAT-POS-c74bc7b3-1,6.217101889471389,3-aminopyridine-like
CC1(C(=O)Nc2cncc3ccccc23)C(=O)Nc2ccc(Cl)cc21,EDJ-MED-9e38fd34-1,EDJ-MED-9e38fd34-1,6.215347760402649,3-aminopyridine-like
CC(C)Oc1ccc(N(C(=O)c2cocn2)C(C(=O)NCCc2cccc(F)c2)c2cccnc2)cc1,ALP-POS-ced8ea4d-12,ALP-POS-ced8ea4d-12,6.215219259409037,Ugi
O=C(NCc1ccccc1)[C@H]1CN(C(=O)CCl)CCN1S(=O)(=O)c1ccsc1,DAN-MCD-9b81d1fa-1,DAN-MCD-9b81d1fa-1,6.206728867649005,piperazine-chloroacetamide
O=C(Nc1cncc2ccncc12)[C@@H]1CCOc2cc(F)c(Cl)cc21,EDJ-MED-611d11e7-12,EDJ-MED-611d11e7-12,6.205630394353618,3-aminopyridine-like
O=C(NC(c1ccccc1)c1ccccc1)[C@@H]1CN(C(=O)CCl)CCN1S(=O)(=O)c1ccsc1,DAN-MCD-9cdc9f7f-1,DAN-MCD-9cdc9f7f-1,6.196938897132026,piperazine-chloroacetamide
Cc1ccncc1C(C(=O)NCCc1cccc(F)c1)N(C(=O)c1cocn1)c1ccc(C(C)(C)C)cc1,ALP-POS-d0876c20-1,ALP-POS-d0876c20-1,6.185206557709116,Ugi
O=C1N(c2cncc3ccccc23)CCC12CCOc1ccc(Cl)cc12,ALP-POS-477dc5b7-4,ALP-POS-477dc5b7-4,6.176382578210255,3-aminopyridine-like
C[C@@H]1C[C@H](C(=O)Nc2cncc3ccccc23)c2cc(Cl)ccc2O1,MAT-POS-8a69d52e-2,MAT-POS-8a69d52e-2,6.167944948849918,3-aminopyridine-like
O=C1N[C@@]2(CCOc3ccc(Cl)cc32)C(=O)N1c1cncc2ccccc12,VLA-UNK-cf7facf1-1,VLA-UNK-cf7facf1-1,6.160137016324114,3-aminopyridine-like
CC(C)C[C@H]1CN(C(=O)CCl)CCN1Cc1cccc(Cl)c1,JOH-UNI-0e1753c1-5,JOH-UNI-0e1753c1-5,6.15482876818634,piperazine-chloroacetamide
O=C(Cc1cc(Cl)ccc1F)Nc1cncc2ccccc12,PET-UNK-dd44aeb6-1,PET-UNK-dd44aeb6-1,6.150707294645409,3-aminopyridine-like
O=C(Nc1ccccc1)[C@@H]1CN(C(=O)CCl)CCN1S(=O)(=O)c1ccsc1,DAN-MCD-68a9aade-1,DAN-MCD-68a9aade-1,6.144870193600791,piperazine-chloroacetamide
O=C(Nc1cncc2ccccc12)C1CN(C2CCNC2=O)C(=O)c2ccc(Cl)cc21,EDJ-MED-12c4873b-6,EDJ-MED-12c4873b-6,6.14456096338956,Ugi
O=C(Cc1cccc(Cl)c1)Nc1cncc2cc(F)cc(Cl)c12,EDJ-MED-c5ca5386-1,EDJ-MED-c5ca5386-1,6.143723817982625,3-aminopyridine-like
CC(C)Oc1ccc(N(C(=O)c2c[nH]cn2)C(C(=O)NCCc2cccc(F)c2)c2cccnc2)cc1,BRU-THA-92256091-17,BRU-THA-92256091-17,6.13986196030846,Ugi
O=C(Cc1cccc(Cl)c1)Nc1cncc2ccccc12,ADA-UCB-6c2cb422-1,ADA-UCB-6c2cb422-1,6.137745533257896,3-aminopyridine-like
CN(C)c1ccc2cncc(NC(=O)Cc3cccc(Cl)c3)c2c1,PET-UNK-d899bab6-1,PET-UNK-d899bab6-1,6.137161285813942,3-aminopyridine-like
O=C1N(c2cncc3ccccc23)CC[C@]1(O)c1cccc(Cl)c1,MAT-POS-8695a11f-3,MAT-POS-8695a11f-3,6.13220767220453,3-aminopyridine-like
CC(C(=O)Nc1cncc2ccccc12)c1ccc(Cl)c(Cl)c1,MAT-POS-fce787c2-3,MAT-POS-fce787c2-3,6.119639922435209,3-aminopyridine-like
O=C(CN1CC(C(=O)Nc2cncc3ccccc23)c2cc(Cl)ccc2C1=O)NC1COC1,EDJ-MED-43f8f7d6-6,EDJ-MED-43f8f7d6-6,6.118377104471373,Ugi
O=C(Nc1cncc2ccccc12)C1COc2ccc(Cl)cc21,MAT-POS-f7918075-2,MAT-POS-f7918075-2,6.116827726365058,3-aminopyridine-like
O=C(Nc1cncc2ccc(F)cc12)C1CCOc2ccc(Cl)cc21,ALP-POS-696356e4-1,ALP-POS-696356e4-1,6.115422337639023,3-aminopyridine-like
O=C(Nc1cncc2cc(F)ccc12)C1CCS(=O)(=O)c2ccc(Cl)cc21,EDJ-MED-b7309adf-1,EDJ-MED-b7309adf-1,6.113686658079289,3-aminopyridine-like
CC(C)C[C@@H]1CN(C(=O)CCl)CCN1Cc1cccc(Cl)c1,DAN-LON-a5fc619e-3,DAN-LON-a5fc619e-3,6.105680557688183,piperazine-chloroacetamide
CC(C)(C)c1ccc(N(C(=O)c2nccs2)C(C(=O)NCCc2cccc(F)c2)c2cccnc2)cc1,ALP-POS-02c6a514-49,ALP-POS-02c6a514-49,6.096747851122496,Ugi
N#CC(C(=O)Nc1cncc2ccccc12)c1ccc(Cl)c(Cl)c1,MAT-POS-fce787c2-8,MAT-POS-fce787c2-8,6.095229131631847,3-aminopyridine-like
CC(C)NC(=O)CN1CC(C(=O)Nc2cncc3cc(F)ccc23)c2cc(Cl)ccc2C1=O,EDJ-MED-e69ed63d-1,EDJ-MED-e69ed63d-1,6.091383010228938,Ugi
COC1(C(=O)Nc2cncc3ccncc23)CCOc2ccc(Cl)cc21,MAT-POS-a5ef2d74-3,MAT-POS-a5ef2d74-3,6.079980776208847,3-aminopyridine-like
O=C(NC(c1ccccc1)c1ccccc1)[C@H]1CN(C(=O)CCl)CCN1S(=O)(=O)c1ccsc1,DAN-MCD-f396e45b-1,DAN-MCD-f396e45b-1,6.079634511416859,piperazine-chloroacetamide
O=C(Nc1cncc2cc(Cl)ccc12)C1CCS(=O)(=O)c2ccc(Cl)cc21,EDJ-MED-b7309adf-2,EDJ-MED-b7309adf-2,6.076638600703247,3-aminopyridine-like
Cc1cc(F)cc2cncc(NC(=O)Cc3cccc(Cl)c3)c12,MAT-POS-29385cc1-4,MAT-POS-29385cc1-4,6.070171008658134,3-aminopyridine-like
O=C(Nc1cncc2ccccc12)C1CCOc2ccc(Br)cc21,MAT-POS-11b63608-1,MAT-POS-11b63608-1,6.070120003238752,3-aminopyridine-like
CS(=O)(=O)c1ccc2c(NC(=O)C3CN(CC(=O)NC4COC4)C(=O)c4ccc(Cl)cc43)cncc2c1,EDJ-MED-d165ed91-3,EDJ-MED-d165ed91-3,6.062356004003117,Ugi
COCCOC(C(=O)Nc1cncc2ccccc12)c1ccc(Cl)c(Cl)c1,MAT-POS-de59a476-4,MAT-POS-de59a476-4,6.059557196923898,3-aminopyridine-like
CC1(C(=O)Nc2cncc3ccccc23)CNC(=O)c2ccc(Cl)cc21,RAL-THA-176e263b-4,RAL-THA-176e263b-4,6.057717077817527,3-aminopyridine-like
O=C(CN1CC(C(=O)Nc2cncc3cc(F)ccc23)c2cc(Cl)ccc2C1=O)NCC(F)(F)F,EDJ-MED-e69ed63d-17,EDJ-MED-e69ed63d-17,6.056134571676513,Ugi
O=C(Cc1cccc(Cl)c1)Nc1cncc2c(F)cccc12,JIN-POS-6dc588a4-13,JIN-POS-6dc588a4-13,6.050823862411883,3-aminopyridine-like
CC(C)(C)c1ccc(N(C(=O)c2cscn2)C(C(=O)NCCc2cccc(F)c2)c2cccnc2)cc1,ALP-POS-95f71980-23,ALP-POS-95f71980-23,6.049910832321822,Ugi
CN(C)CCOc1ccc2cncc(NC(=O)Cc3cccc(Cl)c3)c2c1,MAT-POS-90fd5f68-31,MAT-POS-90fd5f68-31,6.049428495193322,3-aminopyridine-like
COc1ccc2cncc(NC(=O)Cc3cccc(Cl)c3)c2c1,EDJ-MED-00c1612e-1,EDJ-MED-00c1612e-1,6.046820202905956,3-aminopyridine-like
CC(=O)N1CCC(C(=O)Nc2cncc3ccccc23)c2cc(Cl)ccc21,ALP-POS-966f8da6-2,ALP-POS-966f8da6-2,6.028563179552119,3-aminopyridine-like
CNC(=O)CN1C[C@@H](C(=O)Nc2cncc3cc(Cl)ccc23)c2cc(Cl)ccc2C1=O,LUO-POS-edefcc0e-1,LUO-POS-edefcc0e-1,6.0273864933062455,Ugi
O=C(Nc1cncc2ccncc12)[C@H]1CCOc2ccc(Cl)cc21,ALP-POS-ce760d3f-3,ALP-POS-ce760d3f-3,6.0037482214964495,3-aminopyridine-like
O=C(Cc1cncc(Cl)c1)Nc1cncc2ccccc12,RAL-THA-2d450e86-30,RAL-THA-2d450e86-30,6.000805591890191,3-aminopyridine-like
NC(=O)N1CCC(C(=O)Nc2cncc3ccccc23)c2cc(Cl)ccc21,RAL-THA-4aa06b95-1,RAL-THA-4aa06b95-1,6.0007081655396775,3-aminopyridine-like
CC(C)(C)NC(=O)CN1CC(C(=O)Nc2cncc3cc(F)ccc23)c2cc(Cl)ccc2C1=O,EDJ-MED-e69ed63d-11,EDJ-MED-e69ed63d-11,5.996650295451422,Ugi
O=C(CN1CC(C(=O)Nc2cncc3cc(F)ccc23)c2cc(Cl)ccc2C1=O)NC1COC1,EDJ-MED-e69ed63d-6,EDJ-MED-e69ed63d-6,5.996043322898716,Ugi
CNC(=O)C(C)(C)N1CC(C(=O)Nc2cncc3ccccc23)c2cc(Cl)ccc2C1=O,EDJ-MED-12c4873b-4,EDJ-MED-12c4873b-4,5.9934542537269015,Ugi
O=C(Cc1cc(Cl)ccc1Cl)Nc1cncc2ccccc12,PET-UNK-dd44aeb6-2,PET-UNK-dd44aeb6-2,5.991285937200416,3-aminopyridine-like
O=C(Nc1cncc2sc(Cl)cc12)C1CCOc2ccc(Cl)cc21,MAT-POS-14f31916-5,MAT-POS-14f31916-5,5.985143327995309,3-aminopyridine-like
O=C(Nc1cncc2cnccc12)C1CCNc2cc(Cl)c(Cl)cc21,ALP-UNI-8d415491-3,ALP-UNI-8d415491-3,5.983613349181402,3-aminopyridine-like
COc1ccc(-c2ccsc2S(=O)(=O)N2CCN(C(=O)CCl)CC2)cc1,PEI-IMP-668afc53-2,PEI-IMP-668afc53-2,5.977856505860018,piperazine-chloroacetamide
COC(C(=O)Nc1cncc2ccccc12)c1ccc(Cl)c(Cl)c1,MAT-POS-de59a476-2,MAT-POS-de59a476-2,5.966661050498194,3-aminopyridine-like
O=C(Cc1cccc(Cl)c1)Nc1cncc2ccc(OCC(F)(F)F)cc12,MAT-POS-90fd5f68-23,MAT-POS-90fd5f68-23,5.961785492958079,3-aminopyridine-like
Cc1ccc(CC(=O)Nc2cncc3ccccc23)cc1Cl,RAL-THA-2d450e86-8,RAL-THA-2d450e86-8,5.961395720271216,3-aminopyridine-like
O=C(Nc1cncc2ccncc12)C1CCOc2cc(F)c(Cl)cc21,MAT-POS-a5ef2d74-1,MAT-POS-a5ef2d74-1,5.958719504249219,3-aminopyridine-like
O=C(NCC1CCCCC1)[C@@H]1CN(C(=O)CCl)CCN1S(=O)(=O)c1ccsc1,DAN-MCD-93e7aadc-1,DAN-MCD-93e7aadc-1,5.958602569826819,piperazine-chloroacetamide
CC(C)(C)c1ccc(N(C(=O)c2ccno2)C(C(=O)NCCc2cccc(F)c2)c2cccnc2)cc1,ALP-POS-95f71980-21,ALP-POS-95f71980-21,5.953571910255391,Ugi
O=C1CC(C(=O)Nc2cncc3ccccc23)c2cc(Br)ccc2N1,MAT-POS-8d5af1ef-1,MAT-POS-8d5af1ef-1,5.949667533683002,3-aminopyridine-like
O=C(Cc1cccc(Cl)c1)Nc1cncc2ccc(OCCN3CCCC3)cc12,MAT-POS-90fd5f68-32,MAT-POS-90fd5f68-32,5.947955862908096,3-aminopyridine-like
COc1cc2c(NC(=O)Cc3cccc(Cl)c3)cncc2cc1F,PET-UNK-b38839dc-1,PET-UNK-b38839dc-1,5.944275134555173,3-aminopyridine-like
O=C1C(c2cccc(Cl)c2)CCCN1c1cncc2ccccc12,PET-UNK-c9c1e0d8-3,PET-UNK-c9c1e0d8-3,5.942523569759626,3-aminopyridine-like
O=C(NC1CCCCC1)[C@@H]1CN(C(=O)CCl)CCN1S(=O)(=O)c1ccsc1,DAN-MCD-7eba3d41-1,DAN-MCD-7eba3d41-1,5.94213262451337,piperazine-chloroacetamide
O=C1NCC(C(=O)Nc2cncc3cc(F)ccc23)c2cc(Cl)ccc21,ALP-POS-6f6ae286-1,ALP-POS-6f6ae286-1,5.940989586236309,3-aminopyridine-like
CC(C)(C)c1ccc(N(C(=O)c2c[nH]nn2)C(C(=O)NCCc2cccc(F)c2)c2cccnc2)cc1,ALP-POS-305f6ec3-14,ALP-POS-305f6ec3-14,5.931610262770415,Ugi
COc1ccc(Cl)cc1CC(=O)Nc1cncc2ccccc12,MAT-POS-3b92565d-1,MAT-POS-3b92565d-1,5.919966966076322,3-aminopyridine-like
CC(C)(C)c1ccc(N(C(=O)c2cocn2)C(C(=O)NCCc2cccc(F)c2)c2cnccn2)cc1,ALP-POS-d0876c20-21,ALP-POS-d0876c20-21,5.916708668684303,Ugi
O=C(N[C@@H](C(=O)Nc1cncc2ccccc12)c1cccc(Cl)c1)[C@@H]1CC[C@H](C(=O)N2CCCC2)O1,MAT-POS-7174c657-6,MAT-POS-7174c657-6,5.909601050173381,Ugi
Cc1ccc2c(NC(=O)Cc3cccc(Cl)c3)cncc2c1,MAT-POS-29385cc1-3,MAT-POS-29385cc1-3,5.906777518208438,3-aminopyridine-like
O=C1C(c2cccc(Cl)c2)CCN1c1cncc2ccccc12,PET-UNK-c9c1e0d8-4,PET-UNK-c9c1e0d8-4,5.896845659549923,3-aminopyridine-like
O=C(NCCc1ccccc1)[C@@H]1CN(C(=O)CCl)CCN1S(=O)(=O)c1ccsc1,DAN-MCD-9950a804-1,DAN-MCD-9950a804-1,5.893230338311817,piperazine-chloroacetamide
O=C1N(c2cncc3ccccc23)CCCC12CCNc1ccc(Cl)cc12,ALP-POS-e0fe77e5-13,ALP-POS-e0fe77e5-13,5.888859480645179,3-aminopyridine-like
O=C(Cc1cccc(Cl)c1)Nc1cncc2cccc(F)c12,MIC-UNK-50cce87d-1,MIC-UNK-50cce87d-1,5.8840461459711975,3-aminopyridine-like
O=C1NC2(CCOc3ccc(Cl)cc32)C(=O)N1c1cncc2ccccc12,VLA-UCB-29506327-1,VLA-UCB-29506327-1,5.880744977556293,3-aminopyridine-like
O=C(Cc1cc(Cl)cc(Cl)c1)Nc1cncc2ccccc12,MAT-POS-fce787c2-2,MAT-POS-fce787c2-2,5.862645252675914,3-aminopyridine-like
O=C1NC2(COc3ccc(Cl)cc32)C(=O)N1c1cncc2ccc(F)cc12,MAT-POS-61f37a1a-14,MAT-POS-61f37a1a-14,5.858820772370654,3-aminopyridine-like
O=C(N[C@H](C(=O)Nc1cncc2ccccc12)c1cccc(Cl)c1)[C@@H]1CC[C@H](C(=O)N2CCCC2)O1,MAT-POS-7174c657-5,MAT-POS-7174c657-5,5.847210042888164,Ugi
O=C1C(c2ccc(Cl)c(Cl)c2)CCCN1c1cncc2ccccc12,ALP-UNI-3735e77e-1,ALP-UNI-3735e77e-1,5.840011618933767,3-aminopyridine-like
O=C(Cc1cccc(Cl)c1)Nc1cncc2cc(F)ccc12,JIN-POS-6dc588a4-11,JIN-POS-6dc588a4-11,5.833457157392363,3-aminopyridine-like
O=C(Nc1cncc2ccccc12)C(F)(F)c1ccc(Cl)c(Cl)c1,MAT-POS-fce787c2-6,MAT-POS-fce787c2-6,5.826747742039668,3-aminopyridine-like
O=C(Cc1cc(Cl)cc2c1OCC2)Nc1cncc2ccccc12,MAT-POS-bbbbc21a-3,MAT-POS-bbbbc21a-3,5.825267907116043,3-aminopyridine-like
CNC(=O)CN1C[C@H](C(=O)Nc2cncc3ccccc23)c2cc(Cl)ccc2C1=O,MAT-POS-a54ce14d-3,MAT-POS-a54ce14d-3,5.818144600990391,Ugi
O=C(Cc1cc(Cl)cc(OC(F)(F)F)c1)Nc1cncc2ccccc12,PET-UNK-bb7ffe78-2,PET-UNK-bb7ffe78-2,5.808737226894129,3-aminopyridine-like
O=C(CCl)N1CCN(S(=O)(=O)c2ccccc2)CC1,MAK-UNK-7c9d1431-9,MAK-UNK-7c9d1431-9,5.807801532225513,piperazine-chloroacetamide
O=C(CCl)N1CCN(S(=O)(=O)c2ccsc2)CC1,MAT-POS-ee51dedd-2,MAT-POS-ee51dedd-2,5.7875877619594265,piperazine-chloroacetamide
O=C(CCl)N1CCN(S(=O)(=O)C2=CC[SH]=C2)CC1,MAK-UNK-d4768348-1,MAK-UNK-d4768348-1,5.7875877619594265,piperazine-chloroacetamide
Cc1cccc(C)c1NC(=O)[C@@H]1CN(C(=O)CCl)CCN1S(=O)(=O)c1ccsc1,DAN-MCD-3bfdcef2-1,DAN-MCD-3bfdcef2-1,5.786285315316272,piperazine-chloroacetamide
CNC(=O)CN1CC2(CCN(c3cncc4cccc(Cl)c34)C2=O)c2cc(Cl)ccc2C1=O,MAT-POS-853c0ffa-1,MAT-POS-853c0ffa-1,5.7762433370034,Ugi
C[C@@H]1COc2ccc(Cl)cc2[C@@H]1C(=O)Nc1cncc2ccccc12,MAT-POS-8a69d52e-7,MAT-POS-8a69d52e-7,5.766118871197221,3-aminopyridine-like
O=C(Cc1cc(F)ccc1F)Nc1cncc2ccccc12,RAL-THA-2d450e86-26,RAL-THA-2d450e86-26,5.765757286378308,3-aminopyridine-like
O=C1NCC(C(=O)Nc2cncc3ccccc23)c2cc(F)cc(F)c21,ALP-POS-f1807566-1,ALP-POS-f1807566-1,5.760939792217271,3-aminopyridine-like
O=C(Nc1cncc2ccccc12)C(NCC1CC1)c1ccc(Cl)c(Cl)c1,MAT-POS-1f3f1a6f-4,MAT-POS-1f3f1a6f-4,5.758026381828754,3-aminopyridine-like
CC(C)(C)c1ccc(N(C(=O)c2ccn[nH]2)C(C(=O)NCCc2cccc(F)c2)c2cccnc2)cc1,ALP-POS-02c6a514-52,ALP-POS-02c6a514-52,5.749739315945309,Ugi
O=C(Cc1ccc(Cl)c(Cl)c1)Nc1cncc2ccncc12,VLA-UNK-82501c2c-2,VLA-UNK-82501c2c-2,5.748308225339897,3-aminopyridine-like
CCc1cc(Cl)cc(CC(=O)Nc2cncc3ccccc23)c1,PET-UNK-bb7ffe78-1,PET-UNK-bb7ffe78-1,5.745034494295245,3-aminopyridine-like
N#Cc1cccc(CC(=O)Nc2cncc3ccccc23)c1,RAL-THA-2d450e86-12,RAL-THA-2d450e86-12,5.738042394497439,3-aminopyridine-like
O=C(Cc1ccc(Cl)c(Cl)c1)Nc1cncc2cnccc12,VLA-UNK-82501c2c-1,VLA-UNK-82501c2c-1,5.733526884789409,3-aminopyridine-like
O=C(Cc1cccc(F)c1)Nc1cncc2ccccc12,RAL-THA-2d450e86-10,RAL-THA-2d450e86-10,5.732405113607449,3-aminopyridine-like
COCCN1CCc2ccc(Cl)cc2C1C(=O)Nc1cncc2ccccc12,EDJ-MED-2791eece-3,EDJ-MED-2791eece-3,5.725254838571515,3-aminopyridine-like
O=C(CCl)N1CCN(Cc2cc(Cl)cc(Cl)c2)CC1,PAU-UNI-8cdd41c7-1,PAU-UNI-8cdd41c7-1,5.723668205847768,piperazine-chloroacetamide
O=C(NCCc1cccc(F)c1)C(c1cccnc1)N(Cc1ccccc1C1CCC1)C(=O)c1ccco1,ALP-POS-b0bc6a46-10,ALP-POS-b0bc6a46-10,5.71459090317664,Ugi
O=C(CCl)N1CCN(C(c2ccccc2)c2ccccc2)CC1,SIM-SYN-f15aaa3a-1,SIM-SYN-f15aaa3a-1,5.704347704073642,piperazine-chloroacetamide
O=C(CCl)N1CCN(S(=O)(=O)c2ccsc2)[C@H](C(=O)N2CCN(c3ccccc3)CC2)C1,DAN-MCD-cb24a79d-1,DAN-MCD-cb24a79d-1,5.703578940422114,piperazine-chloroacetamide
O=C(Nc1cnc2ccccn12)C1CCNc2cc(Cl)c(Cl)cc21,MAT-POS-500f4700-2,MAT-POS-500f4700-2,5.703395915217068,3-aminopyridine-like
O=C(Cc1ccc(-n2cnnn2)cc1)NC(C(=O)Nc1cncc2ccccc12)c1cccc(Cl)c1,EDJ-MED-ee07cf00-15,EDJ-MED-ee07cf00-15,4.989226195636152,Ugi
N#Cc1ccc(N(C(=O)c2ccco2)C(C(=O)NCCc2cccc(F)c2)c2cccnc2)cc1,ALP-POS-b0bc6a46-24,ALP-POS-b0bc6a46-24,4.983168085398456,Ugi
CS(=O)(=O)N1CCN(C(=O)CCl)CC1c1ccccc1,DUN-NEW-f8ce3686-22,DUN-NEW-f8ce3686-22,4.976239265246978,piperazine-chloroacetamide
COC(=O)CNC(=O)C(c1cccnc1)N(C(=O)c1cocn1)c1ccc(C(C)(C)C)cc1,ALP-POS-88a7a97e-33,ALP-POS-88a7a97e-33,4.968376843354885,Ugi
Cn1nc(C(=O)NC(C)(C(=O)Nc2cncc3ccccc23)c2ccc(Cl)c(Cl)c2)cc1C#N,MAT-POS-e9e99895-4,MAT-POS-e9e99895-4,4.964675372993342,Ugi
CN(C)C(=O)CNC(=O)C(c1cccnc1)N(C(=O)c1ccco1)c1ccc(C(C)(C)C)cc1,ALP-POS-02c6a514-53,ALP-POS-02c6a514-53,4.961354523592895,Ugi
O=C(Nc1cncc2ccccc12)C12CCC(O1)c1ccc(Cl)cc12,RAL-THA-eb6cb89c-2,RAL-THA-eb6cb89c-2,4.954780206365061,3-aminopyridine-like
CC(C)(C)c1ccc(N(C(=O)c2ccco2)C(C(=O)Nc2ccccc2)c2cccnc2)cc1,ALP-POS-02c6a514-56,ALP-POS-02c6a514-56,4.950449421372168,Ugi
Cn1c(=O)ccn(CC(=O)NC(C(=O)Nc2cncc3ccccc23)c2cccc(Cl)c2)c1=O,EDJ-MED-ee07cf00-1,EDJ-MED-ee07cf00-1,4.946560033039688,Ugi
O=C(Nc1cncc2ccccc12)N1CCOc2ccc(Cl)cc21,BEN-DND-f2e727cd-1,BEN-DND-f2e727cd-1,4.943545845299323,3-aminopyridine-like
CN(C)CC1(C(=O)Nc2cncc3ccccc23)CCOc2ccc(Cl)cc21,MAT-POS-45b13633-3,MAT-POS-45b13633-3,4.938054860978628,3-aminopyridine-like
Cc1ccc(S(=O)(=O)N2CCN(C(=O)CCl)C[C@H]2C(=O)NCCc2ccccc2)cc1,DAN-MCD-34fd4f29-1,DAN-MCD-34fd4f29-1,4.926873032890395,piperazine-chloroacetamide
O=C(Nc1cncc2ccc(F)cc12)[C@@H]1CCNc2cc(Cl)c(Cl)cc21,EDJ-MED-611d11e7-5,EDJ-MED-611d11e7-5,4.91862038932941,3-aminopyridine-like
O=C(NCCc1cccc(F)c1)C(c1cccnc1)N(Cc1c(O)ccc2c1CCCC2)C(=O)c1ccco1,ALP-POS-b0bc6a46-19,ALP-POS-b0bc6a46-19,4.918100507637579,Ugi
O=C(NCc1ccc(Cl)cc1CN1CCN(C(=O)CCl)CC1)[C@@H]1CCCOC1,STU-CHA-7b3b91d5-1,STU-CHA-7b3b91d5-1,4.916739725304216,piperazine-chloroacetamide
O=C(Cc1ccc(Cl)cn1)Nc1cncc2ccccc12,RAL-THA-2d450e86-33,RAL-THA-2d450e86-33,4.912388257593907,3-aminopyridine-like
CC(NC(=O)COc1ccc(C(N)=O)cc1)(C(=O)Nc1cncc2ccccc12)c1ccc(Cl)c(Cl)c1,MAT-POS-e9e99895-9,MAT-POS-e9e99895-9,4.906092067357897,Ugi
O=C(CCl)N1CCN(Cc2cc(O)cc(Cl)c2)CC1,MAT-POS-2db6411e-2,MAT-POS-2db6411e-2,4.888789622181816,piperazine-chloroacetamide
Cn1cnc2cncc(NC(=O)C3CCOc4ccc(Cl)cc43)c21,MAT-POS-2bb0cf2b-2,MAT-POS-2bb0cf2b-2,4.884557108847578,3-aminopyridine-like
CC(C)(C)c1ccc(N(C(=O)c2cnsn2)C(C(=O)NCCc2cccc(F)c2)c2cccnc2)cc1,ALP-POS-95f71980-24,ALP-POS-95f71980-24,4.880289339095347,Ugi
O=C(Cc1cccc(F)c1F)Nc1cncc2ccccc12,RAL-THA-2d450e86-23,RAL-THA-2d450e86-23,4.879697075132912,3-aminopyridine-like
COC(=O)c1ccc(-c2cc(Cl)cc(CC(=O)Nc3cnccc3C)c2)c(OC)c1,MAT-POS-f42f3716-3,MAT-POS-f42f3716-3,4.879498623801419,3-aminopyridine-like
COCOc1ccc(N(C(=O)c2cocn2)C(C(=O)NCCc2cccc(F)c2)c2cccnc2)cc1,ALP-UNI-fe744232-30,ALP-UNI-fe744232-30,4.87788816811951,Ugi
O=C(Cn1cnc(C(F)(F)F)n1)NC(C(=O)Nc1cncc2ccccc12)c1cccc(Cl)c1,EDJ-MED-ee07cf00-10,EDJ-MED-ee07cf00-10,4.865026512307164,Ugi
O=C(Cc1ccccc1)Nc1cncc2ccccc12,RAL-THA-2d450e86-1,RAL-THA-2d450e86-1,4.853875322837085,3-aminopyridine-like
Cc1ccc(C)c(S(=O)(=O)N2CCN(C(=O)CCl)CC2)c1,WAR-XCH-79d12f6e-6,WAR-XCH-79d12f6e-6,4.847207755044238,piperazine-chloroacetamide
CC(C)(C)c1ccc(N(C(=O)c2cocn2)C(C(=O)NCCc2c[nH]cn2)c2cccnc2)cc1,ALP-POS-42f3de95-2,ALP-POS-42f3de95-2,4.840062124483683,Ugi
CNC(=O)CN1C[C@@H](C(=O)Nc2cncc3cccc(Cl)c23)c2cc(Cl)ccc2C1=O,MIK-ENA-5d9157e9-3,MIK-ENA-5d9157e9-3,4.83658345433032,Ugi
CCOc1ccc(N(C(=O)c2cocn2)C(C(=O)NCCc2cccc(F)c2)c2cccnc2)cc1,ALP-POS-ced8ea4d-67,ALP-POS-ced8ea4d-67,4.810706282037947,Ugi
CC(C)(C)c1ccc(N(C(=O)c2ccco2)[C@@H](C(=O)NCCc2cccc(F)c2)c2cccnc2)cc1,MAT-POS-f2460aef-2,MAT-POS-f2460aef-2,4.806191829366845,Ugi
CC(C)(C)c1ccc(N(C(=O)c2c[nH]c(=O)[nH]2)C(C(=O)NCCc2cccc(F)c2)c2cccnc2)cc1,ALP-POS-305f6ec3-52,ALP-POS-305f6ec3-52,4.798117648309078,Ugi
CC(=O)N1CC[C@@H](C(=O)Nc2cncc3ccccc23)c2cc(Cl)ccc21,EDG-MED-5d232de5-3,EDG-MED-5d232de5-3,4.76501495067907,3-aminopyridine-like
CC(=O)NCCc1c[nH]c2c(CN3CCN(C(=O)CCl)CC3)cccc12,DUN-NEW-f8ce3686-24,DUN-NEW-f8ce3686-24,4.760429521780716,piperazine-chloroacetamide
COC[C@@]1(C(=O)Nc2cncc3ccccc23)CCOc2cc(Cl)c(Cl)cc21,MAT-POS-932d1078-5,MAT-POS-932d1078-5,4.75737074511563,3-aminopyridine-like
Cn1ncc(C(=O)N(c2ccc(C(C)(C)C)cc2)C(C(=O)NCCc2cccc(F)c2)c2cccnc2)n1,ALP-POS-305f6ec3-46,ALP-POS-305f6ec3-46,4.7544850274496735,Ugi
CC(C)(C)c1ccc(N(C(=O)c2cn3ccccc3n2)C(C(=O)NCCc2cccc(F)c2)c2cccnc2)cc1,ALP-POS-02c6a514-45,ALP-POS-02c6a514-45,4.739835868621642,Ugi
O=C(Cn1nnc(-c2ccccc2)n1)NC(C(=O)Nc1cncc2ccccc12)c1cccc(Cl)c1,EDJ-MED-ee07cf00-9,EDJ-MED-ee07cf00-9,4.737888038566542,Ugi
N#Cc1ccc(C(=O)NCC(=O)NC(C(=O)Nc2cncc3ccccc23)c2cccc(Cl)c2)cc1,EDJ-MED-ee07cf00-5,EDJ-MED-ee07cf00-5,4.727505823314045,Ugi
CC(C)(C)c1ccc(N(C(=O)c2cc(CO)[nH]n2)C(C(=O)NCCc2cccc(F)c2)c2cccnc2)cc1,ALP-POS-305f6ec3-38,ALP-POS-305f6ec3-38,4.726507586440176,Ugi
Cc1ccncc1NC(=O)Cc1cc(Cl)cc(-c2cnn(C)c2C(F)F)c1,MAT-POS-f42f3716-7,MAT-POS-f42f3716-7,4.715165642405267,3-aminopyridine-like
O=C(Nc1cncc2ccccc12)C(NC(=O)[C@H]1CC[C@@H](C(=O)N2CCCC2)O1)c1cccc(Cl)c1,MAT-POS-8293a91a-7,MAT-POS-8293a91a-7,4.7132048817151855,Ugi
C[C@]1(C(=O)Nc2cncc3ccccc23)CCOc2ccc(Cl)cc21,MAT-POS-8e4737f4-1,MAT-POS-8e4737f4-1,4.710003550006689,3-aminopyridine-like
O=C(Cn1ncn2nccc2c1=O)NC(C(=O)Nc1cncc2ccccc12)c1cccc(Cl)c1,EDJ-MED-ee07cf00-17,EDJ-MED-ee07cf00-17,4.709627343269901,Ugi
N#Cc1cccc(CN2CCN(C(=O)CCl)CC2)c1,MAT-POS-ee51dedd-1,MAT-POS-ee51dedd-1,4.705718734658901,piperazine-chloroacetamide
CN1Cc2ccc(Cl)cc2C(C(=O)Nc2cncc3ccccc23)C1,BEN-DND-f2e727cd-6,BEN-DND-f2e727cd-6,5.696612078053104,3-aminopyridine-like
O=C(Cc1ccc(Cl)c(F)c1)Nc1cncc2ccccc12,RAL-THA-2d450e86-9,RAL-THA-2d450e86-9,5.692630186237684,3-aminopyridine-like
CC(C)(C)c1ccc(N(C(=O)c2cocn2)C(C(=O)NCCc2cccc(F)c2)c2ccnnc2)cc1,ALP-POS-d0876c20-5,ALP-POS-d0876c20-5,5.687319280640838,Ugi
COC1(c2cccc(Cl)c2)CCCN(c2cncc3ccccc23)C1=O,ALP-UNI-dbb9503d-2,ALP-UNI-dbb9503d-2,5.682380157031074,3-aminopyridine-like
O=C(Cc1cncc2ccccc12)N(CCC1CCCCC1)c1cccc(Cl)c1,MAT-POS-173a45da-1,MAT-POS-173a45da-1,5.675211663753668,3-aminopyridine-like
O=C1N(c2cncc3ccccc23)CCC1(O)c1cccc(Cl)c1,MAT-POS-d8472c4f-1,MAT-POS-d8472c4f-1,5.673481136642399,3-aminopyridine-like
O=C(Cc1cccc(Cl)c1)Nc1cncc2cc(OCCN3CCCC3)ccc12,MAT-POS-90fd5f68-14,MAT-POS-90fd5f68-14,5.667081412465175,3-aminopyridine-like
O=C(CCl)N1CCN(S(=O)(=O)c2cccs2)CC1,LON-WEI-8f408cad-3,LON-WEI-8f408cad-3,5.664784004926003,piperazine-chloroacetamide
O=C(CCl)N1CC2CC1CN2Cc1cccc(Cl)c1,DAN-LON-a5fc619e-8,DAN-LON-a5fc619e-8,5.664163637835886,piperazine-chloroacetamide
CC(C)(C)c1ccc(N(C(=O)c2ccco2)C(C(=O)NCCN2CCOCC2)c2cccnc2)cc1,ALP-POS-02c6a514-55,ALP-POS-02c6a514-55,5.660003712000831,Ugi
COCCc1ccc(Cl)cc1CN1CCN(C(=O)CCl)CC1,MED-COV-4280ac29-37,MED-COV-4280ac29-37,5.657127681673307,piperazine-chloroacetamide
COCc1ccc2cncc(NC(=O)Cc3cccc(Cl)c3)c2c1,MAT-POS-90fd5f68-39,MAT-POS-90fd5f68-39,5.655988272356893,3-aminopyridine-like
CN1CCN(c2cncc3ccccc23)C(=O)C1c1cccc(Cl)c1,MAT-POS-24589f88-14,MAT-POS-24589f88-14,5.655459189807201,3-aminopyridine-like
O=C(Cc1cccc(Cl)c1)Nc1cncc2cc(C(F)F)ccc12,MAT-POS-c0609ef7-1,MAT-POS-c0609ef7-1,5.648666224331754,3-aminopyridine-like
COCCN1Cc2ccc(Cl)cc2C(C(=O)Nc2cncc3ccccc23)C1,MAT-POS-4223bc15-28,MAT-POS-4223bc15-28,5.6449729403731865,3-aminopyridine-like
CC(C)(C)c1ccc(N(C(=O)c2cocn2)C(C(=O)NC2CC(F)(F)C2)c2cccnc2)cc1,ALP-POS-88a7a97e-39,ALP-POS-88a7a97e-39,5.6294815608196025,Ugi
O=C(CN1CCN(C2CC2)C1=O)NC(C(=O)Nc1cncc2ccccc12)c1cccc(Cl)c1,EDJ-MED-ee07cf00-18,EDJ-MED-ee07cf00-18,5.629345820223036,Ugi
O=C(Nc1cncc2ccccc12)C(NC(=O)[C@H]1CC[C@H](C(=O)N2CCCC2)O1)c1cccc(Cl)c1,MAT-POS-8293a91a-2,MAT-POS-8293a91a-2,5.624233426659314,Ugi
COC(=O)[C@@H]1CC[C@H](NC(=O)C(c2cccnc2)N(C(=O)c2cocn2)c2ccc(C(C)(C)C)cc2)C1,ALP-POS-88a7a97e-6,ALP-POS-88a7a97e-6,5.622601965329788,Ugi
O=C(Nc1cncc2ccccc12)C12CCC(O1)c1cc(Cl)ccc12,MAT-POS-a3f7f96a-1,MAT-POS-a3f7f96a-1,5.620857406192897,3-aminopyridine-like
O=C(NCCc1ccccc1)[C@H]1CN(C(=O)CCl)CCN1S(=O)(=O)c1ccsc1,DAN-MCD-1a622181-1,DAN-MCD-1a622181-1,5.614751028847375,piperazine-chloroacetamide
CN(C)C(=O)c1ccc2c(NC(=O)Cc3cccc(Cl)c3)cncc2c1,MAT-POS-90fd5f68-3,MAT-POS-90fd5f68-3,5.612322772734145,3-aminopyridine-like
CSCCNC(=O)C(c1cccnc1)N(C(=O)c1cocn1)c1ccc(C(C)(C)C)cc1,ALP-POS-88a7a97e-16,ALP-POS-88a7a97e-16,5.611340716340641,Ugi
CNC(=O)N1CCc2ccc(Cl)cc2C1C(=O)Nc1cncc2ccccc12,EDJ-MED-2791eece-12,EDJ-MED-2791eece-12,5.606436021200317,3-aminopyridine-like
O=C(Nc1cncc2ccccc12)C1CCOc2c(OCC3CC3)cc(Cl)cc21,DAR-DIA-0587064e-15,DAR-DIA-0587064e-15,5.604149638630513,3-aminopyridine-like
O=C(CCl)N1CCN(Cc2cccc(Cl)c2)CC1,MED-COV-4280ac29-15,MED-COV-4280ac29-15,5.578477535718885,piperazine-chloroacetamide
CCCc1cc(Cl)cc(CC(=O)Nc2cncc3ccccc23)c1,PET-UNK-bb7ffe78-3,PET-UNK-bb7ffe78-3,5.577327590502173,3-aminopyridine-like
NS(=O)(=O)CCc1ccccc1CN1CCN(C(=O)CCl)CC1,MIH-UNI-e573136b-5,MIH-UNI-e573136b-5,5.565907066600675,piperazine-chloroacetamide
CC(C)(C)c1ccc(N(C(=O)c2ccco2)C(C(=O)NCCc2cccc(F)c2)c2cccnc2)cc1,LON-WEI-2e27a2e5-1,LON-WEI-2e27a2e5-1,5.565651227950057,Ugi
COc1cc(CN2CCN(C(=O)CCl)CC2)c2ccccc2c1,DAR-DIA-fb20be43-7,DAR-DIA-fb20be43-7,5.561431591054845,piperazine-chloroacetamide
N#Cc1ccc2cncc(NC(=O)C3CCOc4ccc(Cl)cc43)c2c1,BEN-DND-c852c98b-1,BEN-DND-c852c98b-1,5.560659276173447,3-aminopyridine-like
O=C(Cn1nc2n(c(=O)c1=O)CCC2)NC(C(=O)Nc1cncc2ccccc12)c1cccc(Cl)c1,EDJ-MED-ee07cf00-14,EDJ-MED-ee07cf00-14,5.559458216017196,Ugi
CC(C)(C)c1ccc(N(C(=O)c2cocn2)C(C(=O)NC2CCOC2)c2cccnc2)cc1,ALP-POS-88a7a97e-30,ALP-POS-88a7a97e-30,5.558006575075251,Ugi
CCOC(=O)CCNC(=O)C(c1cccnc1)N(C(=O)c1cocn1)c1ccc(C(C)(C)C)cc1,ALP-POS-88a7a97e-17,ALP-POS-88a7a97e-17,5.552801284387739,Ugi
O=C(NC1(C(=O)Nc2cncc3ccccc23)CCOc2ccc(Cl)cc21)C1CCC(C(=O)N2CCCC2)O1,MAT-POS-24589f88-11,MAT-POS-24589f88-11,5.550627541585383,Ugi
CN(C)CCOc1ccc2c(NC(=O)Cc3cccc(Cl)c3)cncc2c1,MAT-POS-90fd5f68-13,MAT-POS-90fd5f68-13,5.548348829455851,3-aminopyridine-like
CN1CCC(C(=O)NC(C)(C(=O)Nc2cncc3ccccc23)c2ccc(Cl)c(Cl)c2)C1,MAT-POS-e9e99895-13,MAT-POS-e9e99895-13,5.542541565045968,Ugi
O=C(CCl)N1CCN(S(=O)(=O)c2ccsc2)[C@H](C(=O)N2CCOCC2)C1,DAN-MCD-3ec20f87-1,DAN-MCD-3ec20f87-1,5.54023644694298,piperazine-chloroacetamide
CC(C)(O)c1ccc2c(NC(=O)Cc3cccc(Cl)c3)cncc2c1,MAT-POS-c20a539d-4,MAT-POS-c20a539d-4,5.536761961989443,3-aminopyridine-like
CC(C)(C)c1ccc(N(C(=O)c2cocn2)C(C(=O)NCCc2cccc(F)c2)c2cncnc2)cc1,ALP-POS-d0876c20-17,ALP-POS-d0876c20-17,5.534356865119411,Ugi
O=C(NCCc1cccc(F)c1)C(c1cccnc1)N(C(=O)c1cocn1)c1cnn(-c2ccccc2)c1,ALP-POS-95f71980-26,ALP-POS-95f71980-26,5.530186768869312,Ugi
O=C1[C@@H](c2cccc(Cl)c2)CCN1c1cncc2ccccc12,EDG-MED-5d232de5-7,EDG-MED-5d232de5-7,5.529141358810755,3-aminopyridine-like
C[C@H]1C[C@@H](C(=O)Nc2cncc3ccccc23)c2cc(Cl)ccc2O1,EDJ-MED-e4b030d8-3,EDJ-MED-e4b030d8-3,4.6973085871357085,3-aminopyridine-like
CC(CCc1ccccc1)N1CCN(C(=O)CCl)CC1,MAK-UNK-af83ef51-2,MAK-UNK-af83ef51-2,4.693130729755415,piperazine-chloroacetamide
O=C1N[C@]2(CCOc3ccc(Cl)cc32)C(=O)N1c1cncc2ccccc12,VLA-UCB-34f3ed0c-11,VLA-UCB-34f3ed0c-11,4.688196964349206,3-aminopyridine-like
Cc1ccc(S(=O)(=O)N2CCN(C(=O)CCl)CC2)cc1,AAR-POS-d2a4d1df-27,AAR-POS-d2a4d1df-27,4.677238893936946,piperazine-chloroacetamide
N#Cc1cn(CC(=O)NC(C(=O)Nc2cncc3ccccc23)c2cccc(Cl)c2)c(=O)[nH]c1=O,EDJ-MED-ee07cf00-8,EDJ-MED-ee07cf00-8,4.672848822372094,Ugi
O=C(Cc1cccc(Cl)c1)Nc1nncc2ccccc12,EDJ-MED-50fe53e8-1,EDJ-MED-50fe53e8-1,4.664514518836852,3-aminopyridine-like
O=C(CCl)N1CCN(C(c2ccccc2)C2CCOCC2)CC1,GIA-UNK-20b63697-2,GIA-UNK-20b63697-2,4.662265642828726,piperazine-chloroacetamide
O=C(NCCc1cccc(F)c1)C(c1cccnc1)N(C(=O)c1c[nH]cn1)c1ccc(OC(F)F)cc1,BRU-THA-92256091-16,BRU-THA-92256091-16,4.654950890498054,Ugi
COc1ccc(N(C(=O)c2cocn2)C(C(=O)NCCc2cccc(F)c2)c2cccnc2)cc1,ALP-POS-ced8ea4d-19,ALP-POS-ced8ea4d-19,4.654069662944603,Ugi
O=C(NCCc1cccc(F)c1)C(c1cccnc1)N(C(=O)c1c[nH]cn1)c1ccc(C2COC2)cc1,BRU-THA-92256091-80,BRU-THA-92256091-80,4.644029173228352,Ugi
Cc1ccncc1NC(=O)Cc1cc(Cl)cc(/C=C(/c2ccccc2)C(F)(F)F)c1,MAT-POS-f42f3716-8,MAT-POS-f42f3716-8,4.642668574903492,3-aminopyridine-like
Cc1ccncc1NC(=O)N(Cc1ccccc1)c1cccc(Cl)c1,EDG-MED-0da5ad92-20,EDG-MED-0da5ad92-20,4.639973565812526,3-aminopyridine-like
CO[C@]1(C(=O)Nc2cncc3ccc(F)cc23)CCOc2ccc(Cl)cc21,MAT-POS-ec6d90b7-4,MAT-POS-ec6d90b7-4,4.631786301122986,3-aminopyridine-like
O=C(Cc1cccc(Cl)c1F)Nc1cncc2ccccc12,RAL-THA-2d450e86-19,RAL-THA-2d450e86-19,4.627899275958984,3-aminopyridine-like
O=C(Cc1ccc(Cl)cc1)Nc1cncc2ccccc12,RAL-THA-2d450e86-2,RAL-THA-2d450e86-2,4.625456836898422,3-aminopyridine-like
Cn1ncc2c(=O)n(CC(=O)NC(C(=O)Nc3cncc4ccccc34)c3cccc(Cl)c3)cnc21,EDJ-MED-ee07cf00-3,EDJ-MED-ee07cf00-3,4.624319562666292,Ugi
Cn1ccc2cc(N(C(=O)c3cocn3)C(C(=O)NCCc3cccc(F)c3)c3cccnc3)ccc21,ALP-POS-ced8ea4d-20,ALP-POS-ced8ea4d-20,4.623855609432939,Ugi
CC(C)(C)c1ccc(N(C(=O)c2cncs2)C(C(=O)NCCc2cccc(F)c2)c2cccnc2)cc1,ALP-POS-305f6ec3-41,ALP-POS-305f6ec3-41,4.616213374393801,Ugi
O=C(Nc1cncc2cc(F)ccc12)[C@H]1CCS(=O)(=O)c2ccc(Cl)cc21,MAT-POS-86c60949-1,MAT-POS-86c60949-1,4.610070881893458,3-aminopyridine-like
O=C(Cc1ccccc1F)Nc1cncc2ccccc12,RAL-THA-2d450e86-37,RAL-THA-2d450e86-37,4.606521001133773,3-aminopyridine-like
O=C(Cc1ccc(C(F)(F)F)cc1)Nc1cncc2ccccc12,RAL-THA-2d450e86-32,RAL-THA-2d450e86-32,4.605267400079367,3-aminopyridine-like
CC(C)(C)c1ccc(N(C(=O)c2cocn2)C(C(=O)NCc2cccnc2)c2cccnc2)cc1,ALP-POS-88a7a97e-4,ALP-POS-88a7a97e-4,4.597215536910106,Ugi
O=C(NCCc1cccc(F)c1)C(c1cccnc1)N(C(=O)c1cnc[nH]1)c1ccc(OC2CCOC2)cc1,ALP-POS-e980f4ea-32,ALP-POS-e980f4ea-32,4.588120451788951,Ugi
CC(C)(O)c1ccc(N(C(=O)c2cocn2)C(C(=O)NCCc2cccc(F)c2)c2cccnc2)cc1,ALP-UNI-fe744232-18,ALP-UNI-fe744232-18,4.576208620524601,Ugi
N#Cc1cccc(NC(=O)Cc2cncc3ccccc23)c1,DAR-DIA-23aa0b97-19,DAR-DIA-23aa0b97-19,4.573171433460782,3-aminopyridine-like
COc1ccc2cncc(NC(=O)[C@@H]3CCNc4cc(Cl)c(Cl)cc43)c2c1,EDJ-MED-611d11e7-8,EDJ-MED-611d11e7-8,4.564838433954892,3-aminopyridine-like
O=C(NCCc1cccc(F)c1)C(c1cccnc1)N(C(=O)c1cocn1)c1cn(Cc2ccccc2)cn1,ALP-POS-ced8ea4d-35,ALP-POS-ced8ea4d-35,4.563632184677362,Ugi
COc1ccc(S(=O)(=O)N2CCN(C(=O)CCl)CC2)cc1,MAK-UNK-7c9d1431-17,MAK-UNK-7c9d1431-17,4.560210841446319,piperazine-chloroacetamide
CS(=O)(=O)Cc1ccc(N(C(=O)c2cocn2)C(C(=O)NCCc2cccc(F)c2)c2cccnc2)cc1,ALP-POS-ced8ea4d-11,ALP-POS-ced8ea4d-11,4.558172904418611,Ugi
Cc1cnnn1-c1ccc(N(C(=O)c2cocn2)C(C(=O)NCCc2cccc(F)c2)c2cccnc2)cc1,ALP-POS-95f71980-3,ALP-POS-95f71980-3,4.546393919443255,Ugi
CC(C)(C)c1ccc(N(C(=O)c2c[nH]c(=O)s2)C(C(=O)NCCc2cccc(F)c2)c2cccnc2)cc1,ALP-POS-305f6ec3-2,ALP-POS-305f6ec3-2,4.536244785236764,Ugi
CN(C)C(=O)CNC(=O)C(c1cccnc1)N(C(=O)c1cocn1)c1ccc(C(C)(C)C)cc1,ALP-POS-88a7a97e-10,ALP-POS-88a7a97e-10,4.534335156884582,Ugi
Cc1ccccc1CC(=O)Nc1cncc2ccccc12,RAL-THA-2d450e86-38,RAL-THA-2d450e86-38,4.52967186256568,3-aminopyridine-like
O=C(CCl)N1CCN(Cc2cnc(Cc3ccccc3)s2)CC1,MED-COV-4280ac29-25,MED-COV-4280ac29-25,4.526448469015741,piperazine-chloroacetamide
CN1CCc2ccc(Cl)cc2C1C(=O)Nc1cncc2ccccc12,MAT-POS-fb82b63d-3,MAT-POS-fb82b63d-3,5.522468242202484,3-aminopyridine-like
NC(=O)c1ccc(OCC(=O)NC(C(=O)Nc2cncc3ccccc23)c2cccc(Cl)c2)cc1,EDJ-MED-ee07cf00-12,EDJ-MED-ee07cf00-12,5.51816219896223,Ugi
O=C(Nc1cncc2cnccc12)[C@@H]1CCOc2ccc(Cl)cc21,BEN-DND-4f474d93-1,BEN-DND-4f474d93-1,5.508811677596946,3-aminopyridine-like
O=C1CC(C(=O)Nc2cncc3ccccc23)c2cc(Cl)cc(Cl)c2N1,MAT-POS-f39f51fd-1,MAT-POS-f39f51fd-1,5.507878561347099,3-aminopyridine-like
O=C(Nc1cncc2ccccc12)C1CCOc2c(OCCC(F)(F)F)cc(Cl)cc21,DAR-DIA-0587064e-10,DAR-DIA-0587064e-10,5.503066152740666,3-aminopyridine-like
CCNc1ncc(C#N)cc1CN1CCN(C(=O)CCl)CC1,DAR-DIA-fb20be43-4,DAR-DIA-fb20be43-4,5.492631965020244,piperazine-chloroacetamide
Cc1nc2c(NC(=O)C3CCOc4ccc(Cl)cc43)cncc2s1,MAT-POS-14f31916-4,MAT-POS-14f31916-4,5.491380481405727,3-aminopyridine-like
O=C(Nc1cnc2ccccn12)C1CCOc2ccc(Cl)cc21,MAT-POS-51833a24-1,MAT-POS-51833a24-1,5.48731030468583,3-aminopyridine-like
O=C(CCl)N1CCN(S(=O)(=O)c2c(F)cccc2F)CC1,LON-WEI-8f408cad-2,LON-WEI-8f408cad-2,5.483105530652581,piperazine-chloroacetamide
O=C(Nc1cncc2ccccc12)C1CCOc2c1ccc(Cl)c2Cl,ALP-POS-869ac754-2,ALP-POS-869ac754-2,5.479656878688361,3-aminopyridine-like
CN(C)C(=O)c1ccc2cncc(NC(=O)Cc3cccc(Cl)c3)c2c1,MAT-POS-90fd5f68-21,MAT-POS-90fd5f68-21,5.475490238266472,3-aminopyridine-like
COC[C@]1(C(=O)Nc2cncc3ccccc23)CCOc2cc(Cl)c(Cl)cc21,MAT-POS-932d1078-4,MAT-POS-932d1078-4,5.47242100300815,3-aminopyridine-like
CC(C)(C)OC(=O)NCCCNC(=O)C(c1cccnc1)N(C(=O)c1cocn1)c1ccc(C(C)(C)C)cc1,ALP-POS-88a7a97e-13,ALP-POS-88a7a97e-13,5.469869691603633,Ugi
O=C(Cc1cc(Cl)ccn1)Nc1cncc2ccccc12,PET-UNK-3c72d439-1,PET-UNK-3c72d439-1,5.468870159905655,3-aminopyridine-like
O=C(Nc1cncc2ccccc12)C1CN(CC(F)(F)F)Cc2ccc(Cl)cc21,MAT-POS-4223bc15-26,MAT-POS-4223bc15-26,5.467475506091944,3-aminopyridine-like
O=C(CCl)N1CCN(Cc2ccsc2)CC1,LON-WEI-8f408cad-7,LON-WEI-8f408cad-7,5.455209590000137,piperazine-chloroacetamide
CC(C)(C)OC(=O)N1CCC(NC(=O)C(c2cccnc2)N(C(=O)c2cocn2)c2ccc(C(C)(C)C)cc2)C1,ALP-POS-88a7a97e-25,ALP-POS-88a7a97e-25,5.4375971491436585,Ugi
Cc1ccc(S(=O)(=O)N2CCN(C(=O)CCl)C[C@H]2C(=O)NCc2ccccc2)cc1,DAN-MCD-1c3944e2-1,DAN-MCD-1c3944e2-1,5.43746194801722,piperazine-chloroacetamide
Cc1c(Cl)ccc2c1[C@H](C(=O)Nc1cncc3ccccc13)CCO2,EDJ-MED-e4b030d8-8,EDJ-MED-e4b030d8-8,5.435474844829995,3-aminopyridine-like
O=C(CCl)N1CCN(Cc2cc(Cl)ccc2CNC(=O)N2CCOCC2)CC1,STU-CHA-6cae54d3-1,STU-CHA-6cae54d3-1,5.420773221571178,piperazine-chloroacetamide
O=C(CCl)N1CCN(S(=O)(=O)c2cccc(F)c2)CC1,LON-WEI-8f408cad-4,LON-WEI-8f408cad-4,5.415243772032498,piperazine-chloroacetamide
CSCCCNC(=O)C(c1cccnc1)N(C(=O)c1cocn1)c1ccc(C(C)(C)C)cc1,ALP-POS-88a7a97e-46,ALP-POS-88a7a97e-46,5.4147369023966485,Ugi
O=C(Nc1cnn2ccccc12)C1CCS(=O)(=O)c2ccc(Cl)cc21,EDJ-MED-dd2a8363-2,EDJ-MED-dd2a8363-2,5.409989750713773,3-aminopyridine-like
CC(C)(C)c1ccc(N(C(=O)c2cocn2)C(C(=O)NC2CCOCC2)c2cccnc2)cc1,ALP-POS-88a7a97e-9,ALP-POS-88a7a97e-9,5.409413381246448,Ugi
CC(C)(C)c1cnc(N(C(=O)c2ccco2)C(C(=O)NCCc2cccc(F)c2)c2cccnc2)s1,ALP-POS-b0bc6a46-12,ALP-POS-b0bc6a46-12,5.404477570281142,Ugi
COC(=O)C1CC(NC(=O)C(c2cccnc2)N(C(=O)c2cocn2)c2ccc(C(C)(C)C)cc2)C1,ALP-POS-88a7a97e-15,ALP-POS-88a7a97e-15,5.399491017473712,Ugi
COc1ccc(N(C(=O)c2ccco2)C(C(=O)NCCc2cccc(F)c2)c2cccnc2)cc1,ALP-POS-b0bc6a46-22,ALP-POS-b0bc6a46-22,4.51573323039116,Ugi
O=C(Nc1c[n+]([O-])cc2ccccc12)[C@H]1CCOc2ccc(Cl)cc21,ALP-POS-ce760d3f-4,ALP-POS-ce760d3f-4,4.5101561805097,3-aminopyridine-like
CCc1cc(F)ccc1-c1cc(Cl)cc(CC(=O)Nc2cnccc2C)c1,MAT-POS-f42f3716-4,MAT-POS-f42f3716-4,4.500828134898612,3-aminopyridine-like
Cc1ccncc1NC(=O)Cc1cc(Cl)cc(-c2ccc(C)c(F)c2F)c1,MAT-POS-f42f3716-6,MAT-POS-f42f3716-6,4.4959436469778336,3-aminopyridine-like
CC(C)(C)c1cnc(N(C(=O)c2cocn2)C(C(=O)NCCc2cccc(F)c2)c2cccnc2)o1,ALP-POS-95f71980-14,ALP-POS-95f71980-14,4.488993019341999,Ugi
Cc1nnn(-c2ccc(N(C(=O)c3cocn3)C(C(=O)NCCc3cccc(F)c3)c3cccnc3)cc2)n1,ALP-POS-95f71980-33,ALP-POS-95f71980-33,4.478239847226652,Ugi
CN(C(=O)Cc1cccc(Cl)c1)c1cncc2ccccc12,MAT-POS-bb423b95-7,MAT-POS-bb423b95-7,4.46384260107756,3-aminopyridine-like
CO[C@]1(C(=O)Nc2cncc3ccccc23)CCOc2c(F)cc(F)cc21,MAT-POS-932d1078-2,MAT-POS-932d1078-2,4.451721780355666,3-aminopyridine-like
O=C(NCCc1cccc(F)c1)C(c1cccnc1)N(C(=O)c1c[nH]cn1)c1ccc(Cn2cccn2)cc1,BRU-THA-92256091-86,BRU-THA-92256091-86,4.450044739089003,Ugi
O=C(NCCc1cccc(F)c1)C(c1cccnc1)N(C(=O)c1cocn1)c1ccc(C(F)(F)F)nc1,ALP-POS-ced8ea4d-37,ALP-POS-ced8ea4d-37,4.438654361790946,Ugi
O=C(CCl)N1CCN(Cc2cc(O)ccc2O)CC1,NEH-REV-107bcf72-5,NEH-REV-107bcf72-5,4.427046466799955,piperazine-chloroacetamide
CC(C)(C)c1ccc(N(C(=O)c2ccco2)C(C(=O)NCCc2cccc(F)c2)c2cnc3ccccn23)cc1,ALP-POS-02c6a514-34,ALP-POS-02c6a514-34,4.426267059135546,Ugi
CO[C@]1(C(=O)Nc2cncc3ccccc23)CCOc2ccc(Cl)cc21,EDJ-MED-d08626de-1,EDJ-MED-d08626de-1,4.414033602718095,3-aminopyridine-like
O=C1[C@H](c2cccc(Cl)c2)CCN1c1cncc2ccccc12,EDG-MED-5d232de5-8,EDG-MED-5d232de5-8,4.403503059726464,3-aminopyridine-like
CC(C)(C)c1ccc(N(C(=O)c2cc(=O)[nH][nH]2)C(C(=O)NCCc2cccc(F)c2)c2cccnc2)cc1,ALP-POS-305f6ec3-59,ALP-POS-305f6ec3-59,4.401199153332998,Ugi
O=C1C[C@@]2(CCOc3ccc(Cl)cc32)C(=O)N1c1cncc2ccccc12,VLA-UCB-05e51b3f-5,VLA-UCB-05e51b3f-5,4.40023784282821,3-aminopyridine-like
COCC1(C(=O)Nc2cncc3ccccc23)CCOc2cc(Cl)c(Cl)cc21,EDJ-MED-37aac4bd-2,EDJ-MED-37aac4bd-2,5.39340625826649,3-aminopyridine-like
Cc1noc(C)c1S(=O)(=O)N1CCN(C(=O)CCl)CC1,MAR-TRE-6a44bbf2-24,MAR-TRE-6a44bbf2-24,5.391167911864777,piperazine-chloroacetamide
CC(C)(C)c1ccc(N(C(=O)c2cocn2)C(C(=O)NC2COC2)c2cccnc2)cc1,ALP-POS-88a7a97e-34,ALP-POS-88a7a97e-34,5.390300809770823,Ugi
CC(NC(=O)C1CCC(=O)NC1)(C(=O)Nc1cncc2ccccc12)c1ccc(Cl)c(Cl)c1,MAT-POS-e9e99895-3,MAT-POS-e9e99895-3,5.387633760283066,Ugi
CC(C)(C)c1ccc(N(C(=O)c2ccon2)C(C(=O)NCCc2cccc(F)c2)c2cccnc2)cc1,ALP-POS-95f71980-4,ALP-POS-95f71980-4,5.37079568738538,Ugi
O=C(Cc1cccc(Cl)c1)Nc1cncc2ccncc12,MAT-POS-f7918075-5,MAT-POS-f7918075-5,5.369240318847122,3-aminopyridine-like
CN(C)C(C(=O)Nc1cncc2ccccc12)c1ccc(Cl)c(Cl)c1,MAT-POS-1f3f1a6f-2,MAT-POS-1f3f1a6f-2,5.369184745110981,3-aminopyridine-like
O=C(CCl)N1CCN(C(c2ccccc2)C2CCCCC2)CC1,GIA-UNK-20b63697-6,GIA-UNK-20b63697-6,5.361479441468478,piperazine-chloroacetamide
CC(C)(C)c1ccc(N(C(=O)c2ccco2)C(C(=O)NCc2ccccc2)c2cccnc2)cc1,ALP-POS-02c6a514-57,ALP-POS-02c6a514-57,5.360345960429127,Ugi
Cc1ccc(S(=O)(=O)N2CCN(C(=O)CCl)C[C@H]2C(=O)NC2CCCCC2)cc1,DAN-MCD-881986d8-1,DAN-MCD-881986d8-1,5.348406334723992,piperazine-chloroacetamide
O=C(Nc1cncc2ccccc12)C(NC(=O)[C@@H]1CC[C@@H](C(=O)N2CCCC2)O1)c1cccc(Cl)c1,MAT-POS-8293a91a-6,MAT-POS-8293a91a-6,5.348320470466224,Ugi
N#Cc1cc(CN2CCN(C(=O)CCl)CC2)c2ccccc2c1,DAR-DIA-fb20be43-6,DAR-DIA-fb20be43-6,5.336656649216462,piperazine-chloroacetamide
O=C(Nc1cncc2ccccc12)C1COc2c(Cl)cccc21,FRA-DIA-c7e803f4-1,FRA-DIA-c7e803f4-1,5.322621602936326,3-aminopyridine-like
O=C(Nc1ccccn1)[C@H]1CN(C(=O)CCl)CCN1S(=O)(=O)c1ccsc1,DAN-MCD-0fb4364c-1,DAN-MCD-0fb4364c-1,5.321644474211969,piperazine-chloroacetamide
COCc1cc(Cl)cc(CN2CCN(C(=O)CCl)CC2)c1,MED-COV-4280ac29-33,MED-COV-4280ac29-33,5.321139905808783,piperazine-chloroacetamide
CC(C)(C)c1ccc(N(C(=O)c2cnco2)C(C(=O)NCCc2cccc(F)c2)c2cccnc2)cc1,ALP-POS-305f6ec3-49,ALP-POS-305f6ec3-49,5.3207424819898685,Ugi
Cc1cccc(CC(=O)Nc2cncc3ccccc23)c1,RAL-THA-2d450e86-13,RAL-THA-2d450e86-13,5.318348598202139,3-aminopyridine-like
CC(NC(=O)C1CCC1)C(=O)NC(C(=O)Nc1cncc2ccccc12)c1cccc(Cl)c1,EDJ-MED-ee07cf00-4,EDJ-MED-ee07cf00-4,5.318226067094926,Ugi
CC(NC(=O)Cc1ccc(-n2cnnn2)cc1)(C(=O)Nc1cncc2ccccc12)c1ccc(Cl)c(Cl)c1,MAT-POS-e9e99895-7,MAT-POS-e9e99895-7,5.313344450272099,Ugi
O=C(Cc1ccc(F)cc1)Nc1cncc2ccccc12,RAL-THA-2d450e86-7,RAL-THA-2d450e86-7,5.30361239723612,3-aminopyridine-like
Cc1nc2n(n1)CC(C(=O)NC(C(=O)Nc1cncc3ccccc13)c1cccc(Cl)c1)CC2,MAT-POS-a13804f0-1,MAT-POS-a13804f0-1,5.302364386642792,Ugi
CS(=O)(=O)N1CCc2ccc(CN3CCN(C(=O)CCl)CC3)cc2C1,TAM-UNI-d1c3dd9f-5,TAM-UNI-d1c3dd9f-5,4.395931343331664,piperazine-chloroacetamide
O=C(Cc1cccc(Cl)n1)Nc1cncc2ccccc12,MAT-POS-afd4d4fd-2,MAT-POS-afd4d4fd-2,4.3909351974523645,3-aminopyridine-like
O=C(Nc1cncc2ccccc12)C1(CCC2CC2)CCOc2ccc(Cl)cc21,ALP-POS-477dc5b7-3,ALP-POS-477dc5b7-3,4.390286832696274,3-aminopyridine-like
O=C(Cc1cccc(Cl)c1)Nc1cnccc1-c1ccccc1,ALP-POS-0c2c77e1-1,ALP-POS-0c2c77e1-1,4.388364447908457,3-aminopyridine-like
CS(=O)(=O)Cc1ccc(N(C(=O)c2c[nH]cn2)C(C(=O)NCCc2cccc(F)c2)c2cccnc2)cc1,BRU-THA-92256091-20,BRU-THA-92256091-20,4.385998683960616,Ugi
O=C(N[C@@H](C(=O)Nc1cncc2ccccc12)c1cccc(Cl)c1)[C@H]1CC[C@@H](C(=O)N2CCCC2)O1,PET-UNK-ac320b15-9,PET-UNK-ac320b15-9,4.366665512325811,Ugi
O=C(NCCc1cccc(F)c1)C(c1cccnc1)N(C(=O)c1cocn1)c1ccc(-n2cc[nH]c2=O)cc1,ALP-POS-95f71980-35,ALP-POS-95f71980-35,4.345798628248526,Ugi
Cn1ncc2cc(N(C(=O)c3cocn3)C(C(=O)NCCc3cccc(F)c3)c3cccnc3)ccc21,ALP-POS-ced8ea4d-8,ALP-POS-ced8ea4d-8,4.318541912083512,Ugi
O=C(Nc1cncc2ccccc12)[C@H]1CCOc2ccc(Cl)cc21,MAT-POS-b3e365b9-2,MAT-POS-b3e365b9-2,4.302770657240282,3-aminopyridine-like
Cc1nc2n(n1)CC(C(=O)NC(C)(C(=O)Nc1cncc3ccccc13)c1ccc(Cl)c(Cl)c1)CC2,MAT-POS-e9e99895-8,MAT-POS-e9e99895-8,5.292571564454585,Ugi
CC(C)(C)c1ccc(N(C(=O)c2cocn2)C(C(=O)NCC2CCCO2)c2cccnc2)cc1,ALP-POS-88a7a97e-27,ALP-POS-88a7a97e-27,5.288447556325111,Ugi
COC(=O)C1(NC(=O)C(c2cccnc2)N(C(=O)c2cocn2)c2ccc(C(C)(C)C)cc2)CCCC1,ALP-POS-88a7a97e-36,ALP-POS-88a7a97e-36,5.278605150769668,Ugi
CC(C)(C)c1ccc(N(C(=O)c2ncc[nH]2)C(C(=O)NCCc2cccc(F)c2)c2cccnc2)cc1,ALP-POS-02c6a514-46,ALP-POS-02c6a514-46,5.276911626020168,Ugi
COc1ccc(NC(=O)C(c2cccnc2)N(C(=O)c2cocn2)c2ccc(C(C)(C)C)cc2)cn1,ALP-POS-88a7a97e-41,ALP-POS-88a7a97e-41,5.270329172629218,Ugi
CN(C)C(=O)COCC(=O)NC(C(=O)Nc1cncc2ccccc12)c1cccc(Cl)c1,EDJ-MED-cf4b0d25-5,EDJ-MED-cf4b0d25-5,5.267110122566524,Ugi
CC(C)(C)c1ccc(N(C(=O)c2cocn2)C(C(=O)NCC2CCOC2)c2cccnc2)cc1,ALP-POS-88a7a97e-26,ALP-POS-88a7a97e-26,5.266266892215103,Ugi
CCCOc1cc(Cl)cc2c1OCCC2C(=O)Nc1cncc2ccccc12,DAR-DIA-0587064e-12,DAR-DIA-0587064e-12,5.24926313089898,3-aminopyridine-like
O=C(CCl)N1CCN(Cc2cccc3ccccc23)CC1,MED-COV-4280ac29-31,MED-COV-4280ac29-31,5.239442374236254,piperazine-chloroacetamide
O=C(Nc1cncc2ccc(F)cc12)[C@@H]1CCOc2cc(F)c(Cl)cc21,EDJ-MED-611d11e7-6,EDJ-MED-611d11e7-6,5.23860712790206,3-aminopyridine-like
CC(C)(C)c1ccc(N(C(=O)c2cn[nH]c2)C(C(=O)NCCc2cccc(F)c2)c2cccnc2)cc1,MAT-POS-f2460aef-5,MAT-POS-f2460aef-5,5.234327331486147,Ugi
CCOC(=O)c1ncoc1CNC(=O)C(c1cccnc1)N(C(=O)c1cocn1)c1ccc(C(C)(C)C)cc1,ALP-POS-88a7a97e-49,ALP-POS-88a7a97e-49,5.230730275516375,Ugi
Cc1ccc(N(C(=O)c2cocn2)C(C(=O)NCCc2cccc(F)c2)c2cccnc2)cc1,ALP-POS-ced8ea4d-27,ALP-POS-ced8ea4d-27,4.2993456570614,Ugi
CC(C)(C)c1ccc(N(C(=O)c2ccns2)C(C(=O)NCCc2cccc(F)c2)c2cccnc2)cc1,ALP-POS-95f71980-2,ALP-POS-95f71980-2,4.291664089228076,Ugi
CC(C)(C)c1cc(N(C(=O)c2cocn2)C(C(=O)NCCc2cccc(F)c2)c2cccnc2)no1,ALP-POS-95f71980-16,ALP-POS-95f71980-16,4.290314070746327,Ugi
C[C@H]1C[C@H](C(=O)Nc2cncc3ccccc23)c2cc(Cl)ccc2O1,MAT-POS-8a69d52e-3,MAT-POS-8a69d52e-3,4.283407302366713,3-aminopyridine-like
O=C(Cc1ccncc1Cl)Nc1cncc2ccccc12,RAL-THA-2d450e86-34,RAL-THA-2d450e86-34,4.279047566297119,3-aminopyridine-like
O=C(Nc1cncc2ccccc12)[C@H]1COc2ccc(Cl)cc21,EDJ-MED-12c115cc-2,EDJ-MED-12c115cc-2,4.272468731932192,3-aminopyridine-like
O=C(CCl)N1CCN(C2(c3cccc(Cl)c3)CC2)CC1,MED-COV-4280ac29-12,MED-COV-4280ac29-12,4.271653809039372,piperazine-chloroacetamide
CN1CC[C@@H](C(=O)Nc2cncc3ccccc23)c2cc(Cl)ccc21,EDG-MED-5d232de5-6,EDG-MED-5d232de5-6,4.26421378681408,3-aminopyridine-like
CSc1ccc(CN(C(=O)c2ccco2)C(C(=O)NCCc2cccc(F)c2)c2cccnc2)cc1C#N,ALP-POS-b0bc6a46-20,ALP-POS-b0bc6a46-20,4.260501379852654,Ugi
CNC(=O)C1(N2C[C@]3(CCN(c4cncc5ccccc45)C3=O)c3cc(Cl)ccc3C2=O)CC1,MAT-POS-e48723dc-1,MAT-POS-e48723dc-1,4.256067535283378,Ugi
CC(=O)c1ccc(N(C(=O)c2ccco2)C(C(=O)NCCc2cccc(F)c2)c2cccnc2)cc1,ALP-POS-b0bc6a46-23,ALP-POS-b0bc6a46-23,4.249630854444959,Ugi
O=C(Cc1cncc2ccccc12)Nc1ccccc1,DAR-DIA-23aa0b97-20,DAR-DIA-23aa0b97-20,4.239649776294817,3-aminopyridine-like
Cc1ccc(CC(=O)Nc2cncc3ccccc23)cc1,RAL-THA-2d450e86-3,RAL-THA-2d450e86-3,4.233912247609087,3-aminopyridine-like
C=CC(=O)N(c1ccc2ncsc2c1)C(C(=O)Nc1cccc(CC)c1)c1cccnc1,LON-WEI-b8d98729-38,LON-WEI-b8d98729-38,4.227934963161734,Ugi
O=C(Cc1cncc2ccccc12)N1CCOc2ccc(Cl)cc21,JOH-UNI-ea1df7a8-1,JOH-UNI-ea1df7a8-1,5.218441908425789,3-aminopyridine-like
CC(C)N1CCOC(C(=O)NC(C)(C(=O)Nc2cncc3ccccc23)c2ccc(Cl)c(Cl)c2)C1,MAT-POS-e9e99895-2,MAT-POS-e9e99895-2,5.213508503569417,Ugi
O=C(CCl)N1CCN(Cc2cccs2)CC1,LON-WEI-8f408cad-5,LON-WEI-8f408cad-5,5.206408063031318,piperazine-chloroacetamide
CCOC(=O)CCCNC(=O)C(c1cccnc1)N(C(=O)c1cocn1)c1ccc(C(C)(C)C)cc1,ALP-POS-88a7a97e-48,ALP-POS-88a7a97e-48,5.204851321912738,Ugi
CC(C)(C)OC(=O)NCCNC(=O)C(c1cccnc1)N(C(=O)c1cocn1)c1ccc(C(C)(C)C)cc1,ALP-POS-88a7a97e-19,ALP-POS-88a7a97e-19,5.203743900766023,Ugi
O=C(NCCc1cccc(F)c1)C(c1cccnc1)N(C(=O)c1cocn1)c1ccc(OC2CCOC2)cc1,ALP-POS-ced8ea4d-32,ALP-POS-ced8ea4d-32,5.199350208100928,Ugi
O=C(Nc1cncc2ccccc12)[C@@H](NC(=O)[C@H]1CC[C@@H](C(=O)N2CCCC2)O1)c1cccc(Cl)c1,PET-UNK-ac320b15-10,PET-UNK-ac320b15-10,5.194748920998766,Ugi
O=C(Cc1cncc2ccccc12)Nc1cccc(Cl)c1,PET-UNK-8922bd3c-1,PET-UNK-8922bd3c-1,5.189044844477333,3-aminopyridine-like
CN(C)c1ccc2c(NC(=O)Cc3cccc(Cl)c3)cncc2c1,MAT-POS-90fd5f68-7,MAT-POS-90fd5f68-7,5.168754561543511,3-aminopyridine-like
CC(C)(C)OC(=O)N1CC(NC(=O)C(c2cccnc2)N(C(=O)c2cocn2)c2ccc(C(C)(C)C)cc2)C1,ALP-POS-88a7a97e-43,ALP-POS-88a7a97e-43,5.160358839126241,Ugi
O=C(Cc1cccc(C(F)(F)F)c1)Nc1cncc2ccccc12,RAL-THA-2d450e86-31,RAL-THA-2d450e86-31,5.1583822255326,3-aminopyridine-like
CCOc1c(Cl)cccc1CC(=O)Nc1cncc2ccccc12,MAT-POS-fce787c2-1,MAT-POS-fce787c2-1,5.157453555999713,3-aminopyridine-like
O=C(NCCc1cccc(F)c1)C(c1cccnc1)N(C(=O)c1cocn1)c1ccc2ncsc2c1,ALP-POS-ced8ea4d-24,ALP-POS-ced8ea4d-24,4.218414194688361,Ugi
CO[C@@]1(C(=O)Nc2cncc3ccccc23)CCOc2cc(Cl)c(Cl)cc21,EDJ-MED-d08626de-4,EDJ-MED-d08626de-4,4.215261671546028,3-aminopyridine-like
COc1ccc2c(NC(=O)C3CCOc4ccc(Cl)cc43)noc2c1,JAG-UCB-52b62a6f-10,JAG-UCB-52b62a6f-10,4.211109391765376,3-aminopyridine-like
Cc1ccc(S(=O)(=O)CNC(=O)C(c2cccnc2)N(C(=O)c2cocn2)c2ccc(C(C)(C)C)cc2)cc1,ALP-POS-88a7a97e-42,ALP-POS-88a7a97e-42,4.2015553706135975,Ugi
COCc1ccc(N(C(=O)c2c[nH]cn2)C(C(=O)NCCc2cccc(F)c2)c2cccnc2)cc1,BRU-THA-92256091-23,BRU-THA-92256091-23,4.201549166760079,Ugi
CN1C(=O)CCc2cc(N(C(=O)c3cocn3)C(C(=O)NCCc3cccc(F)c3)c3cccnc3)ccc21,ALP-POS-ced8ea4d-1,ALP-POS-ced8ea4d-1,4.19699920842511,Ugi
N#Cc1ncc(NC(=O)Cc2cccc(Cl)c2)c2ccccc12,JIN-POS-6dc588a4-24,JIN-POS-6dc588a4-24,4.1807911718321416,3-aminopyridine-like
O=C(Cc1cccc(Cl)c1)Nc1cncc2ncccc12,MIC-UNK-08cd9c58-1,MIC-UNK-08cd9c58-1,4.173197487653821,3-aminopyridine-like
O=C(NCCc1cccc(F)c1)C(c1cccnc1)N(C(=O)c1cocn1)c1cnc(C2CCC2)nc1,ALP-POS-ced8ea4d-63,ALP-POS-ced8ea4d-63,4.160464655663596,Ugi
CO[C@@]1(C(=O)Nc2cncc3ccccc23)CCOc2cc(F)c(Cl)cc21,MAT-POS-993cdc78-2,MAT-POS-993cdc78-2,4.159560379632881,3-aminopyridine-like
O=C(Cc1cccc(Cl)c1)Nc1cncc2cccnc12,MAT-POS-bb423b95-2,MAT-POS-bb423b95-2,5.153740062638656,3-aminopyridine-like
O=C(Nc1cncc2ccccc12)C1COCc2c(Cl)cccc21,ALP-UNI-c3ef0aba-1,ALP-UNI-c3ef0aba-1,5.15343461912374,3-aminopyridine-like
COC(=O)C(C)NC(=O)C(c1cccnc1)N(C(=O)c1cocn1)c1ccc(C(C)(C)C)cc1,ALP-POS-88a7a97e-5,ALP-POS-88a7a97e-5,5.144093415388737,Ugi
Cn1cc(C2=NOC(C(=O)NC(C(=O)Nc3cncc4ccccc34)c3cccc(Cl)c3)C2)cn1,EDJ-MED-ee07cf00-6,EDJ-MED-ee07cf00-6,5.143252565952553,Ugi
O=C(COCC(=O)N1CCCC1)NC(C(=O)Nc1cncc2ccccc12)c1cccc(Cl)c1,EDJ-MED-cf4b0d25-1,EDJ-MED-cf4b0d25-1,5.130212953228049,Ugi
O=C(Nc1cncc2ccncc12)[C@@H]1CCOc2ccc(Cl)cc21,BEN-DND-4f474d93-2,BEN-DND-4f474d93-2,5.127086568813075,3-aminopyridine-like
CC(NC(=O)CN1CCN(C2CC2)C1=O)(C(=O)Nc1cncc2ccccc12)c1ccc(Cl)c(Cl)c1,MAT-POS-e9e99895-6,MAT-POS-e9e99895-6,5.1201660224972185,Ugi
CC1CN(Cc2cccc(Cl)c2)CCN1C(=O)CCl,MED-COV-4280ac29-13,MED-COV-4280ac29-13,5.111634363157571,piperazine-chloroacetamide
COC(CNC(=O)C(c1cccnc1)N(C(=O)c1cocn1)c1ccc(C(C)(C)C)cc1)OC,ALP-POS-88a7a97e-29,ALP-POS-88a7a97e-29,5.101899297516702,Ugi
O=C(Cc1cccc(Cl)c1)Nc1cncc2cnccc12,MAT-POS-bb423b95-1,MAT-POS-bb423b95-1,5.100088807034921,3-aminopyridine-like
Cn1cnc(C(=O)N(c2ccc(C(C)(C)C)cc2)C(C(=O)NCCc2cccc(F)c2)c2cccnc2)n1,ALP-POS-305f6ec3-55,ALP-POS-305f6ec3-55,4.1298829106634924,Ugi
CS(=O)(=O)c1ccc(N(C(=O)c2cocn2)C(C(=O)NCCc2cccc(F)c2)c2cccnc2)cc1,ALP-POS-ced8ea4d-9,ALP-POS-ced8ea4d-9,4.119740371605181,Ugi
CC(C)(C)c1ccc(N(C(=O)c2ccc(O)c(=O)o2)C(C(=O)NCCc2cccc(F)c2)c2cccnc2)cc1,ALP-POS-95f71980-6,ALP-POS-95f71980-6,4.116575173270033,Ugi
O=C(NCCc1cccc(F)c1)C(c1cccnc1)N(C(=O)c1cocn1)c1ccc(N2CCCC2=O)cc1,ALP-POS-95f71980-10,ALP-POS-95f71980-10,4.11571379605341,Ugi
CC(C)(C)c1ccc(N(C(=O)c2c[nH]c(=O)cn2)C(C(=O)NCCc2cccc(F)c2)c2cccnc2)cc1,ALP-POS-305f6ec3-33,ALP-POS-305f6ec3-33,4.11285017733326,Ugi
O=C1C(c2ccc(Cl)cc2)CCCN1c1cncc2ccccc12,ALP-POS-ce760d3f-8,ALP-POS-ce760d3f-8,4.106740810064722,3-aminopyridine-like
O=C(NCCc1cccc(F)c1)C(c1cccnc1)N(C(=O)c1ccco1)C1CCN(c2ccccc2)CC1,ALP-POS-b0bc6a46-28,ALP-POS-b0bc6a46-28,4.099017108573495,Ugi
O=C(Nc1cncc2ccccc12)C1COCc2ccc(Cl)cc21,BEN-DND-f2e727cd-4,BEN-DND-f2e727cd-4,5.092557302838075,3-aminopyridine-like
CC(C)(C)OC(=O)CNC(=O)C(c1cccnc1)N(C(=O)c1cocn1)c1ccc(C(C)(C)C)cc1,ALP-POS-88a7a97e-38,ALP-POS-88a7a97e-38,5.087145482380415,Ugi
O=C(NCCc1cccc(F)c1)C(c1cccnc1)N(C(=O)c1cocn1)c1ccc(Cn2cccn2)cc1,ALP-POS-ced8ea4d-16,ALP-POS-ced8ea4d-16,5.078926769276463,Ugi
CC(C)(C)c1ccc(N(C(=O)c2cnon2)C(C(=O)NCCc2cccc(F)c2)c2cccnc2)cc1,ALP-POS-95f71980-25,ALP-POS-95f71980-25,5.075175545113053,Ugi
COc1ncncc1C(C(=O)NCCc1cccc(F)c1)N(C(=O)c1cocn1)c1ccc(C(C)(C)C)cc1,ALP-POS-d0876c20-19,ALP-POS-d0876c20-19,5.074116871821547,Ugi
Cc1ccncc1NC(=O)Cc1cc(Cl)cc(-c2ccc(C3CC3(F)F)cc2)c1,MAT-POS-f42f3716-1,MAT-POS-f42f3716-1,5.073716917641924,3-aminopyridine-like
O=C1NC(c2ccc(Cl)c(Cl)c2)C(=O)N1c1cncc2ccccc12,MAT-POS-1f3f1a6f-5,MAT-POS-1f3f1a6f-5,5.072656848832461,3-aminopyridine-like
COCCNC(=O)C(c1cccnc1)N(C(=O)c1cocn1)c1ccc(C(C)(C)C)cc1,ALP-POS-88a7a97e-31,ALP-POS-88a7a97e-31,5.072645773655836,Ugi
COc1ccc2c(NC(=O)Cc3cccc(Cl)c3)cncc2c1,MAT-POS-c20a539d-1,MAT-POS-c20a539d-1,5.063785764739687,3-aminopyridine-like
CC(NC(=O)c1cc2n(n1)CCO2)(C(=O)Nc1cncc2ccccc12)c1ccc(Cl)c(Cl)c1,MAT-POS-e9e99895-5,MAT-POS-e9e99895-5,5.06001972987682,Ugi
COCCCNC(=O)C(c1cccnc1)N(C(=O)c1cocn1)c1ccc(C(C)(C)C)cc1,ALP-POS-88a7a97e-3,ALP-POS-88a7a97e-3,5.056187276161136,Ugi
Cc1ccncc1NC(=O)Cc1cc(Cl)cc(-c2ccc(C3(C)CCO3)cc2)c1,MAT-POS-f42f3716-5,MAT-POS-f42f3716-5,5.048043494511387,3-aminopyridine-like
N#Cc1ccc2c(NC(=O)Cc3cccc(Cl)c3)cncc2c1,PET-UNK-6314f867-2,PET-UNK-6314f867-2,5.045914942420161,3-aminopyridine-like
O=C1O[C@]2(CCOc3ccc(Cl)cc32)C(=O)N1c1cncc2ccccc12,MAT-POS-ec6d90b7-1,MAT-POS-ec6d90b7-1,4.092213028714978,3-aminopyridine-like
CNC(=O)CN1C[C@]2(CCN(c3cncc4ccccc34)C2=O)c2cc(Cl)ccc2C1=O,PET-UNK-14142a25-1,PET-UNK-14142a25-1,4.085358488657112,Ugi
CC(C)(C)c1ccc(N(C(=O)c2cocn2)C(C(=O)NCCN2CCOCC2)c2cccnc2)cc1,ALP-POS-88a7a97e-47,ALP-POS-88a7a97e-47,4.083303148143198,Ugi
CC1(c2ccc(N(C(=O)c3cocn3)C(C(=O)NCCc3cccc(F)c3)c3cccnc3)cc2)OCCO1,ALP-UNI-fe744232-11,ALP-UNI-fe744232-11,4.080407079090435,Ugi
O=C(NCCc1cccc(F)c1)C(c1cccnc1)N(C(=O)c1cocn1)c1ccc2scnc2c1,ALP-POS-ced8ea4d-36,ALP-POS-ced8ea4d-36,4.07592660899531,Ugi
CNC(=O)CN1C[C@]2(CC(=O)N(c3cncc4ccccc34)C2=O)c2cc(Cl)ccc2C1=O,LUO-POS-868e8996-8,LUO-POS-868e8996-8,4.072780122457223,Ugi
O=C(NCCc1cccc(F)c1)C(c1cccnc1)N(C(=O)c1cocn1)c1ccccc1,ALP-POS-ced8ea4d-28,ALP-POS-ced8ea4d-28,4.049568080289997,Ugi
COCC(=O)NC(C)(C(=O)Nc1cncc2ccccc12)c1ccc(Cl)c(Cl)c1,MAT-POS-e9e99895-11,MAT-POS-e9e99895-11,5.029926201028967,Ugi
O=C(Cn1cc(Cl)c(=O)[nH]c1=O)NC(C(=O)Nc1cncc2ccccc12)c1cccc(Cl)c1,EDJ-MED-ee07cf00-16,EDJ-MED-ee07cf00-16,5.029924424356918,Ugi
C#Cc1cccc(CC(=O)Nc2cncc3ccccc23)c1,PET-UNK-c9c1e0d8-2,PET-UNK-c9c1e0d8-2,5.027641960496797,3-aminopyridine-like
CCOC(=O)CNC(=O)C(c1cccnc1)N(C(=O)c1cocn1)c1ccc(C(C)(C)C)cc1,ALP-POS-88a7a97e-32,ALP-POS-88a7a97e-32,5.021050827786187,Ugi
CC(C)(C)c1ccc(N(C(=O)c2cocn2)C(C(=O)NCC(=O)OCc2ccccc2)c2cccnc2)cc1,ALP-POS-88a7a97e-44,ALP-POS-88a7a97e-44,5.003440517719514,Ugi
O=C1N(c2cncc3ccccc23)CC[C@@]1(O)c1cccc(Cl)c1,MAT-POS-8695a11f-1,MAT-POS-8695a11f-1,4.042516041611264,3-aminopyridine-like
O=C(Nc1cncc2ccc(F)cc12)[C@H]1CCOc2ccc(Cl)cc21,EDG-MED-5d232de5-2,EDG-MED-5d232de5-2,4.035928388236781,3-aminopyridine-like
COc1ccc(N(C(=O)c2c[nH]cn2)C(C(=O)NCCc2cccc(F)c2)c2cccnc2)cc1,BRU-THA-92256091-19,BRU-THA-92256091-19,4.028169080296473,Ugi
COc1nccnc1C(C(=O)NCCc1cccc(F)c1)N(C(=O)c1cocn1)c1ccc(C(C)(C)C)cc1,ALP-POS-d0876c20-15,ALP-POS-d0876c20-15,4.022910068609704,Ugi
C[C@]1(C(=O)Nc2cncc3ccccc23)CCNc2cc(Cl)c(Cl)cc21,MAT-POS-c74bc7b3-2,MAT-POS-c74bc7b3-2,4.01027978259884,3-aminopyridine-like
O=C(NCCc1cccc(F)c1)C(c1cccnc1)N(C(=O)c1cnc[nH]1)C1CCN(c2ccccc2F)C1,ALP-POS-e980f4ea-26,ALP-POS-e980f4ea-26,4.00436480540245,Ugi
O=C(NCCc1cccc(F)c1)C(c1cccnc1)N(C(=O)c1cnc[nH]1)C1CCN(c2ccccc2)C1,ALP-POS-e980f4ea-31,ALP-POS-e980f4ea-31,4.00436480540245,Ugi
CC(c1ccccc1)N(C(=O)c1cnc[nH]1)C(C(=O)NCCc1cccc(F)c1)c1cccnc1,ALP-POS-e980f4ea-54,ALP-POS-e980f4ea-54,4.00436480540245,Ugi
Cc1ccccc1C(C)N(C(=O)c1cnc[nH]1)C(C(=O)NCCc1cccc(F)c1)c1cccnc1,ALP-POS-e980f4ea-58,ALP-POS-e980f4ea-58,4.00436480540245,Ugi
O=C(NCCc1cccc(F)c1)C(c1cccnc1)N(C(=O)c1cnc[nH]1)C1CCCC2(CCC2)C1,ALP-POS-e980f4ea-61,ALP-POS-e980f4ea-61,4.00436480540245,Ugi
O=C(NCCc1cccc(F)c1)C(c1cccnc1)N(Cc1ccccc1)C(=O)c1c[nH]cn1,BRU-THA-92256091-7,BRU-THA-92256091-7,4.00436480540245,Ugi
O=C(NCCc1cccc(F)c1)C(c1cccnc1)N(Cc1cccnc1)C(=O)c1c[nH]cn1,BRU-THA-92256091-11,BRU-THA-92256091-11,4.00436480540245,Ugi
O=C(NCCc1cccc(F)c1)C(c1cccnc1)N(C(=O)c1c[nH]cn1)C1CCCCCC1,BRU-THA-92256091-13,BRU-THA-92256091-13,4.00436480540245,Ugi
CC(C)S(=O)(=O)c1ccc(N(C(=O)c2c[nH]cn2)C(C(=O)NCCc2cccc(F)c2)c2cccnc2)cc1,BRU-THA-92256091-14,BRU-THA-92256091-14,4.00436480540245,Ugi
COc1ccccc1CN(C(=O)c1c[nH]cn1)C(C(=O)NCCc1cccc(F)c1)c1cccnc1,BRU-THA-92256091-28,BRU-THA-92256091-28,4.00436480540245,Ugi
CCOc1ccc(N(C(=O)c2c[nH]cn2)C(C(=O)NCCc2cccc(F)c2)c2cccnc2)cn1,BRU-THA-92256091-31,BRU-THA-92256091-31,4.00436480540245,Ugi
O=C(NCCc1cccc(F)c1)C(c1cccnc1)N(C(=O)c1c[nH]cn1)C1CCC2OCCC2C1,BRU-THA-92256091-47,BRU-THA-92256091-47,4.00436480540245,Ugi
O=C(NCCc1cccc(F)c1)C(c1cccnc1)N(C(=O)c1c[nH]cn1)C1CCC2(CCO2)CC1,BRU-THA-92256091-49,BRU-THA-92256091-49,4.00436480540245,Ugi
O=C(NCCc1cccc(F)c1)C(c1cccnc1)N(C(=O)c1c[nH]cn1)c1ccc2ncsc2c1,BRU-THA-92256091-51,BRU-THA-92256091-51,4.00436480540245,Ugi
O=C(NCCc1cccc(F)c1)C(c1cccnc1)N(C(=O)c1c[nH]cn1)c1ccc2c(c1)COCC2,BRU-THA-92256091-54,BRU-THA-92256091-54,4.00436480540245,Ugi
Cn1ncc2cc(N(C(=O)c3c[nH]cn3)C(C(=O)NCCc3cccc(F)c3)c3cccnc3)ccc21,BRU-THA-92256091-60,BRU-THA-92256091-60,4.00436480540245,Ugi
Cn1cnc2cc(N(C(=O)c3c[nH]cn3)C(C(=O)NCCc3cccc(F)c3)c3cccnc3)ccc21,BRU-THA-92256091-61,BRU-THA-92256091-61,4.00436480540245,Ugi
Cn1ccc2cc(N(C(=O)c3c[nH]cn3)C(C(=O)NCCc3cccc(F)c3)c3cccnc3)ccc21,BRU-THA-92256091-65,BRU-THA-92256091-65,4.00436480540245,Ugi
Cc1nc2ccc(N(C(=O)c3c[nH]cn3)C(C(=O)NCCc3cccc(F)c3)c3cccnc3)cc2o1,BRU-THA-92256091-67,BRU-THA-92256091-67,4.00436480540245,Ugi
O=C(NCCc1cccc(F)c1)C(c1cccnc1)N(C(=O)c1c[nH]cn1)c1cnc(C2CCC2)nc1,BRU-THA-92256091-75,BRU-THA-92256091-75,4.00436480540245,Ugi
O=C(NCCc1cccc(F)c1)C(c1cccnc1)N(C(=O)c1c[nH]cn1)c1ccc2c(c1)CCCS2(=O)=O,BRU-THA-92256091-76,BRU-THA-92256091-76,4.00436480540245,Ugi
CN1C(=O)CCc2cc(N(C(=O)c3c[nH]cn3)C(C(=O)NCCc3cccc(F)c3)c3cccnc3)ccc21,BRU-THA-92256091-78,BRU-THA-92256091-78,4.00436480540245,Ugi
O=C(NCCc1cccc(F)c1)C(c1cccnc1)N(C(=O)c1c[nH]cn1)c1cccc(C2COC2)c1,BRU-THA-92256091-79,BRU-THA-92256091-79,4.00436480540245,Ugi
O=C(NCCc1cccc(F)c1)C(c1cccnc1)N(C(=O)c1c[nH]cn1)c1cccc(Oc2cccnn2)c1,BRU-THA-92256091-92,BRU-THA-92256091-92,4.00436480540245,Ugi
O=C1NC[C@@H](C(=O)Nc2cncc3ccccc23)c2cc(Cl)ccc21,MAT-POS-865c3497-2,MAT-POS-865c3497-2,4.002904995490975,3-aminopyridine-like
O=C1N(c2cncc3ccccc23)CCC[C@]12CCOc1ccc(Cl)cc12,MAT-POS-e20a5dfb-1,MAT-POS-e20a5dfb-1,4.002176919254275,3-aminopyridine-like
O=C(Nc1cncn1-c1cccnc1)C1CCOc2ccc(Cl)cc21,MAT-POS-a54ce14d-1,MAT-POS-a54ce14d-1,4.002176919254275,3-aminopyridine-like
O=C(Cc1cccc(Cl)c1)Nc1cncc2cc(OCC(F)(F)F)ccc12,MAT-POS-90fd5f68-5,MAT-POS-90fd5f68-5,4.002176919254275,3-aminopyridine-like
COc1cc2cncc(NC(=O)Cc3cccc(Cl)c3)c2cc1OC,MAT-POS-c20a539d-2,MAT-POS-c20a539d-2,4.002176919254275,3-aminopyridine-like
COc1cc2cncc(NC(=O)Cc3cccc(Cl)c3)c2cc1F,MAT-POS-29385cc1-2,MAT-POS-29385cc1-2,4.002176919254275,3-aminopyridine-like
Cn1c(NC(=O)Cc2csc3nccn23)nc2ccc(F)cc21,WIL-UNI-d4749f31-17,WIL-UNI-d4749f31-17,4.002176919254275,3-aminopyridine-like
O=C(Cc1cccc(Cl)c1)Nc1cncn1-c1ccccc1,BEN-DND-1e24cf73-1,BEN-DND-1e24cf73-1,4.002176919254275,3-aminopyridine-like
O=C(Nc1cncc2ccc(C(F)(F)F)cc12)C1CCOc2ccc(Cl)cc21,MAT-POS-8293a91a-3,MAT-POS-8293a91a-3,4.002176919254275,3-aminopyridine-like
O=C1O[C@@]2(CCOc3ccc(Cl)cc32)C(=O)N1c1cncc2ccccc12,MAT-POS-ec6d90b7-2,MAT-POS-ec6d90b7-2,4.002176919254275,3-aminopyridine-like
O=C(Nc1cncc2ccncc12)[C@H]1CCOc2cc(F)c(Cl)cc21,MAT-POS-ec6d90b7-3,MAT-POS-ec6d90b7-3,4.002176919254275,3-aminopyridine-like
Cc1cccc2c(NC(=O)Cc3cccc(Cl)c3)cncc12,RUB-POS-1325a9ea-5,RUB-POS-1325a9ea-5,4.002176919254275,3-aminopyridine-like
O=C(Cc1cccc(Cl)c1)Nc1c[nH]c2ccccc12,JIN-POS-6dc588a4-5,JIN-POS-6dc588a4-5,4.002176919254275,3-aminopyridine-like
O=C(Cc1cccc(Cl)c1)Nc1ncnc2ccccc12,JIN-POS-6dc588a4-7,JIN-POS-6dc588a4-7,4.002176919254275,3-aminopyridine-like
O=C(Cc1cccc(Cl)c1)Nc1noc2ccccc12,JIN-POS-6dc588a4-8,JIN-POS-6dc588a4-8,4.002176919254275,3-aminopyridine-like
COc1ncc(NC(=O)Cc2cccc(Cl)c2)c2ccccc12,JIN-POS-6dc588a4-23,JIN-POS-6dc588a4-23,4.002176919254275,3-aminopyridine-like
O=C1OC2(CCOc3ccc(Cl)cc32)C(=O)N1c1cncc2ccccc12,MAT-POS-90505e2b-1,MAT-POS-90505e2b-1,4.002176919254275,3-aminopyridine-like
O=C(Nc1cncc2ccccc12)[C@H]1CCOc2cc(F)c(Cl)cc21,MAT-POS-a13804f0-2,MAT-POS-a13804f0-2,4.002176919254275,3-aminopyridine-like
O=C(Nc1cncc2ccccc12)[C@H]1CCNc2cc(Cl)c(Cl)cc21,MAT-POS-f9802937-9,MAT-POS-f9802937-9,4.002176919254275,3-aminopyridine-like
N#Cc1ccc(CC(=O)Nc2cncc3ccccc23)cc1,RAL-THA-2d450e86-5,RAL-THA-2d450e86-5,4.002176919254275,3-aminopyridine-like
O=C(Cc1ccccc1Cl)Nc1cncc2ccccc12,RAL-THA-2d450e86-36,RAL-THA-2d450e86-36,4.002176919254275,3-aminopyridine-like
O=C(Nc1c[n+]([O-])cc2ccccc12)[C@@H]1CCOc2ccc(Cl)cc21,EDJ-MED-eff36d94-1,EDJ-MED-eff36d94-1,4.002176919254275,3-aminopyridine-like
O=C(Nc1cncc2ccccc12)C1CCOc2c(O)ccc(Cl)c21,ALP-UNI-4b8a177c-1,ALP-UNI-4b8a177c-1,4.002176919254275,3-aminopyridine-like
O=C(Nc1c[nH]c(=O)c2ccccc12)C1CCOc2ccc(Cl)cc21,JOH-UNI-f51e3bbc-1,JOH-UNI-f51e3bbc-1,4.002176919254275,3-aminopyridine-like
Cc1cc(C(F)(F)F)nc2n[nH]c(NC(=O)Cc3cccc(Cl)c3)c12,EDJ-MED-c8e7a002-5,EDJ-MED-c8e7a002-5,4.002176919254275,3-aminopyridine-like
Cc1ccn2cnnc2c1NC(=O)C1CCOc2ccc(Cl)cc21,JAG-UCB-52b62a6f-11,JAG-UCB-52b62a6f-11,4.002176919254275,3-aminopyridine-like
C[C@H]1COc2ccc(Cl)cc2[C@H]1C(=O)Nc1cncc2ccccc12,MAT-POS-8a69d52e-5,MAT-POS-8a69d52e-5,4.002176919254275,3-aminopyridine-like
C[C@@H]1COc2ccc(Cl)cc2[C@H]1C(=O)Nc1cncc2ccccc12,MAT-POS-8a69d52e-6,MAT-POS-8a69d52e-6,4.002176919254275,3-aminopyridine-like
O=C(NC1N=Nc2ccccc21)C1CCOc2ccc(Cl)cc21,DAR-DIA-6a508060-7,DAR-DIA-6a508060-7,4.002176919254275,3-aminopyridine-like
COc1cc(Cl)cc2c1OCC[C@H]2C(=O)Nc1cncc2ccccc12,EDJ-MED-e4b030d8-7,EDJ-MED-e4b030d8-7,4.002176919254275,3-aminopyridine-like
COc1cc(COc2cc(Cl)cc(CC(=O)Nc3cnccc3C)c2)ccc1OC(F)F,CHO-MSK-6e55470f-14,CHO-MSK-6e55470f-14,4.002176919254275,3-aminopyridine-like
Cc1ccncc1NC(=O)Cc1cc(Cl)cc(-c2ccc(S(C)(=O)=O)cc2Cl)c1,MAT-POS-f42f3716-2,MAT-POS-f42f3716-2,4.002176919254275,3-aminopyridine-like
O=C(Cc1cccc(Cl)c1)Nc1cncc2c(Cl)cccc12,MAT-POS-bb423b95-9,MAT-POS-bb423b95-9,4.002176919254275,3-aminopyridine-like
O=C(Cc1cccc(Cl)c1)Nc1cnnc2ccccc12,EDJ-MED-50fe53e8-2,EDJ-MED-50fe53e8-2,4.002176919254275,3-aminopyridine-like
O=C(Nc1cc(=O)[nH]c2ccccc12)C1CCOc2ccc(Cl)cc21,JAG-UCB-c61058a9-45,JAG-UCB-c61058a9-45,4.002176919254275,3-aminopyridine-like
O=C(NCCc1cccc(F)c1)C(c1cccnc1)N(C(=O)c1cocn1)c1ccc(-n2ccnc2)cc1,ALP-UNI-fe744232-1,ALP-UNI-fe744232-1,4.002176919254275,Ugi
N#Cc1ccc(N(C(=O)c2cocn2)C(C(=O)NCCc2cccc(F)c2)c2cccnc2)cc1,ALP-UNI-fe744232-3,ALP-UNI-fe744232-3,4.002176919254275,Ugi
CCNC(=O)c1ccc(N(C(=O)c2cocn2)C(C(=O)NCCc2cccc(F)c2)c2cccnc2)cc1,ALP-UNI-fe744232-9,ALP-UNI-fe744232-9,4.002176919254275,Ugi
CNC(=O)Nc1ccc(N(C(=O)c2cocn2)C(C(=O)NCCc2cccc(F)c2)c2cccnc2)cc1,ALP-UNI-fe744232-12,ALP-UNI-fe744232-12,4.002176919254275,Ugi
O=C(Nc1ccc(N(C(=O)c2cocn2)C(C(=O)NCCc2cccc(F)c2)c2cccnc2)cc1)NC1CC1,ALP-UNI-fe744232-13,ALP-UNI-fe744232-13,4.002176919254275,Ugi
O=C(NCCO)c1ccc(N(C(=O)c2cocn2)C(C(=O)NCCc2cccc(F)c2)c2cccnc2)cc1,ALP-UNI-fe744232-17,ALP-UNI-fe744232-17,4.002176919254275,Ugi
O=C(NCCCO)c1ccc(N(C(=O)c2cocn2)C(C(=O)NCCc2cccc(F)c2)c2cccnc2)cc1,ALP-UNI-fe744232-19,ALP-UNI-fe744232-19,4.002176919254275,Ugi
O=C(NCCc1cccc(F)c1)C(c1cccnc1)N(C(=O)c1cocn1)c1ccc(C2(O)COC2)cc1,ALP-UNI-fe744232-22,ALP-UNI-fe744232-22,4.002176919254275,Ugi
CC(C)(C)c1ccc(N(C(=O)c2cocn2)C(C(=O)NCCc2nnn[nH]2)c2cccnc2)cc1,ALP-POS-42f3de95-1,ALP-POS-42f3de95-1,4.002176919254275,Ugi
CC(C)(C)c1ccc(N(C(=O)c2cc(O)cc(=O)o2)C(C(=O)NCCc2cccc(F)c2)c2cccnc2)cc1,ALP-POS-95f71980-18,ALP-POS-95f71980-18,4.002176919254275,Ugi
CC(C)(C)c1ccc(N(C(=O)c2nnn[nH]2)C(C(=O)NCCc2cccc(F)c2)c2cccnc2)cc1,ALP-POS-95f71980-22,ALP-POS-95f71980-22,4.002176919254275,Ugi
O=C1CCC(c2ccc(N(C(=O)c3cocn3)C(C(=O)NCCc3cccc(F)c3)c3cccnc3)cc2)N1,ALP-POS-95f71980-34,ALP-POS-95f71980-34,4.002176919254275,Ugi
CC(C)(O)c1cccc(N(C(=O)c2cocn2)C(C(=O)NCCc2cccc(F)c2)c2cccnc2)c1,ALP-POS-95f71980-37,ALP-POS-95f71980-37,4.002176919254275,Ugi
Cc1cc(O)c(C(C(=O)NCCc2cccc(F)c2)N(C(=O)c2cocn2)c2ccc(C(C)(C)C)cc2)c(=O)[nH]1,ALP-POS-d0876c20-2,ALP-POS-d0876c20-2,4.002176919254275,Ugi
Cn1cc(C(C(=O)NCCc2cccc(F)c2)N(C(=O)c2cocn2)c2ccc(C(C)(C)C)cc2)ccc1=O,ALP-POS-d0876c20-3,ALP-POS-d0876c20-3,4.002176919254275,Ugi
CC(C)(C)c1ccc(N(C(=O)c2cocn2)C(C(=O)NCCc2cccc(F)c2)c2ccc[nH]c2=O)cc1,ALP-POS-d0876c20-7,ALP-POS-d0876c20-7,4.002176919254275,Ugi
Cn1cccc(C(C(=O)NCCc2cccc(F)c2)N(C(=O)c2cocn2)c2ccc(C(C)(C)C)cc2)c1=O,ALP-POS-d0876c20-11,ALP-POS-d0876c20-11,4.002176919254275,Ugi
CN(C)c1ncc(C(C(=O)NCCc2cccc(F)c2)N(C(=O)c2cocn2)c2ccc(C(C)(C)C)cc2)cn1,ALP-POS-d0876c20-14,ALP-POS-d0876c20-14,4.002176919254275,Ugi
CC(C)(C)c1ccc(N(C(=O)c2cocn2)C(C(=O)NCc2ccncc2)c2cccnc2)cc1,ALP-POS-88a7a97e-8,ALP-POS-88a7a97e-8,4.002176919254275,Ugi
O=C(NCCc1cccc(F)c1)C(c1cccnc1)N(C(=O)c1cocn1)C1CC2CCCC2C1,ALP-POS-ced8ea4d-2,ALP-POS-ced8ea4d-2,4.002176919254275,Ugi
O=C(NCCc1cccc(F)c1)C(c1cccnc1)N(C(=O)c1cocn1)C1CCc2cc(F)ccc21,ALP-POS-ced8ea4d-3,ALP-POS-ced8ea4d-3,4.002176919254275,Ugi
O=C(NCCc1cccc(F)c1)C(c1cccnc1)N(C(=O)c1cocn1)C1COc2ccccc2C1,ALP-POS-ced8ea4d-4,ALP-POS-ced8ea4d-4,4.002176919254275,Ugi
COC1CC2(C1)CC(N(C(=O)c1cocn1)C(C(=O)NCCc1cccc(F)c1)c1cccnc1)C2,ALP-POS-ced8ea4d-6,ALP-POS-ced8ea4d-6,4.002176919254275,Ugi
Cn1cnc2cc(N(C(=O)c3cocn3)C(C(=O)NCCc3cccc(F)c3)c3cccnc3)ccc21,ALP-POS-ced8ea4d-10,ALP-POS-ced8ea4d-10,4.002176919254275,Ugi
O=C(NCCc1cccc(F)c1)C(c1cccnc1)N(C(=O)c1cocn1)C1CCCCC1,ALP-POS-ced8ea4d-13,ALP-POS-ced8ea4d-13,4.002176919254275,Ugi
O=C(NCCc1cccc(F)c1)C(c1cccnc1)N(C(=O)c1cocn1)C1CCCOC1,ALP-POS-ced8ea4d-14,ALP-POS-ced8ea4d-14,4.002176919254275,Ugi
Cc1nc2ccc(N(C(=O)c3cocn3)C(C(=O)NCCc3cccc(F)c3)c3cccnc3)cc2o1,ALP-POS-ced8ea4d-21,ALP-POS-ced8ea4d-21,4.002176919254275,Ugi
O=C(NCCc1cccc(F)c1)C(c1cccnc1)N(C(=O)c1cocn1)C1CCCCCC1,ALP-POS-ced8ea4d-22,ALP-POS-ced8ea4d-22,4.002176919254275,Ugi
O=C(NCCc1cccc(F)c1)C(c1cccnc1)N(C(=O)c1cocn1)C1CCc2ccccc21,ALP-POS-ced8ea4d-23,ALP-POS-ced8ea4d-23,4.002176919254275,Ugi
O=C(NCCc1cccc(F)c1)C(c1cccnc1)N(C(=O)c1cocn1)c1ccc2c(c1)CCCS2(=O)=O,ALP-POS-ced8ea4d-25,ALP-POS-ced8ea4d-25,4.002176919254275,Ugi
O=C(NCCc1cccc(F)c1)C(c1cccnc1)N(C(=O)c1cocn1)C1CCN(c2ccccc2F)C1,ALP-POS-ced8ea4d-26,ALP-POS-ced8ea4d-26,4.002176919254275,Ugi
O=C(NCCc1cccc(F)c1)C(c1cccnc1)N(C(=O)c1cocn1)C1Cc2ccccc21,ALP-POS-ced8ea4d-29,ALP-POS-ced8ea4d-29,4.002176919254275,Ugi
O=C(NCCc1cccc(F)c1)C(c1cccnc1)N(C(=O)c1cocn1)C1CCN(c2ccccc2)C1,ALP-POS-ced8ea4d-31,ALP-POS-ced8ea4d-31,4.002176919254275,Ugi
O=C(NCCc1cccc(F)c1)C(c1cccnc1)N(C(=O)c1cocn1)C1COc2cc(F)ccc21,ALP-POS-ced8ea4d-33,ALP-POS-ced8ea4d-33,4.002176919254275,Ugi
COCc1csc(N(C(=O)c2cocn2)C(C(=O)NCCc2cccc(F)c2)c2cccnc2)n1,ALP-POS-ced8ea4d-34,ALP-POS-ced8ea4d-34,4.002176919254275,Ugi
COc1ccccc1CN(C(=O)c1cocn1)C(C(=O)NCCc1cccc(F)c1)c1cccnc1,ALP-POS-ced8ea4d-40,ALP-POS-ced8ea4d-40,4.002176919254275,Ugi
Cc1ccccc1CN(C(=O)c1cocn1)C(C(=O)NCCc1cccc(F)c1)c1cccnc1,ALP-POS-ced8ea4d-41,ALP-POS-ced8ea4d-41,4.002176919254275,Ugi
CN1CCCC(N(C(=O)c2cocn2)C(C(=O)NCCc2cccc(F)c2)c2cccnc2)C1,ALP-POS-ced8ea4d-45,ALP-POS-ced8ea4d-45,4.002176919254275,Ugi
O=C(NCCc1cccc(F)c1)C(c1cccnc1)N(C(=O)c1cocn1)c1ccc2c(c1)CCOC2,ALP-POS-ced8ea4d-47,ALP-POS-ced8ea4d-47,4.002176919254275,Ugi
COc1cc(C)ccc1CN(C(=O)c1cocn1)C(C(=O)NCCc1cccc(F)c1)c1cccnc1,ALP-POS-ced8ea4d-48,ALP-POS-ced8ea4d-48,4.002176919254275,Ugi
CCOc1ccc(N(C(=O)c2cocn2)C(C(=O)NCCc2cccc(F)c2)c2cccnc2)cn1,ALP-POS-ced8ea4d-49,ALP-POS-ced8ea4d-49,4.002176919254275,Ugi
O=C(NCCc1cccc(F)c1)C(c1cccnc1)N(C(=O)c1cocn1)[C@H]1C[C@H](Oc2ccccc2)C1,ALP-POS-ced8ea4d-55,ALP-POS-ced8ea4d-55,4.002176919254275,Ugi
O=C(NCCc1cccc(F)c1)C(c1cccnc1)N(C(=O)c1cocn1)C1CCC2(CCO2)CC1,ALP-POS-ced8ea4d-56,ALP-POS-ced8ea4d-56,4.002176919254275,Ugi
O=C(NCCc1cccc(F)c1)C(c1cccnc1)N(C(=O)c1cocn1)C1COC2(CCCC2)C1,ALP-POS-ced8ea4d-57,ALP-POS-ced8ea4d-57,4.002176919254275,Ugi
Cc1ccccc1C(C)N(C(=O)c1cocn1)C(C(=O)NCCc1cccc(F)c1)c1cccnc1,ALP-POS-ced8ea4d-58,ALP-POS-ced8ea4d-58,4.002176919254275,Ugi
O=C(NCCc1cccc(F)c1)C(c1cccnc1)N(C(=O)c1cocn1)C1CCC2OCCC2C1,ALP-POS-ced8ea4d-60,ALP-POS-ced8ea4d-60,4.002176919254275,Ugi
O=C(NCCc1cccc(F)c1)C(c1cccnc1)N(C(=O)c1c[nH]cn1)c1ccc(Cl)cc1,ALP-POS-1245c3fa-1,ALP-POS-1245c3fa-1,4.002176919254275,Ugi
CC(C)(C)c1ccc(N(C(=O)c2nc(=O)[nH][nH]2)C(C(=O)NCCc2cccc(F)c2)c2cccnc2)cc1,ALP-POS-305f6ec3-6,ALP-POS-305f6ec3-6,4.002176919254275,Ugi
Cn1cnc(C(=O)N(c2ccc(C(C)(C)C)cc2)C(C(=O)NCCc2cccc(F)c2)c2cccnc2)cc1=O,ALP-POS-305f6ec3-12,ALP-POS-305f6ec3-12,4.002176919254275,Ugi
COc1cc(C(=O)N(c2ccc(C(C)(C)C)cc2)C(C(=O)NCCc2cccc(F)c2)c2cccnc2)sn1,ALP-POS-305f6ec3-23,ALP-POS-305f6ec3-23,4.002176919254275,Ugi
Cn1nncc1C(=O)N(c1ccc(C(C)(C)C)cc1)C(C(=O)NCCc1cccc(F)c1)c1cccnc1,ALP-POS-305f6ec3-27,ALP-POS-305f6ec3-27,4.002176919254275,Ugi
CC(C)(C)c1ccc(N(C(=O)c2ccc(=O)[nH]n2)C(C(=O)NCCc2cccc(F)c2)c2cccnc2)cc1,ALP-POS-305f6ec3-28,ALP-POS-305f6ec3-28,4.002176919254275,Ugi
CC(C)(C)c1ccc(N(C(=O)c2n[nH]c(=O)[nH]c2=O)C(C(=O)NCCc2cccc(F)c2)c2cccnc2)cc1,ALP-POS-305f6ec3-35,ALP-POS-305f6ec3-35,4.002176919254275,Ugi
CC(C)(C)c1ccc(N(C(=O)c2cc(=O)[nH]c(=O)[nH]2)C(C(=O)NCCc2cccc(F)c2)c2cccnc2)cc1,ALP-POS-305f6ec3-39,ALP-POS-305f6ec3-39,4.002176919254275,Ugi
CC(C)(C)c1ccc(N(C(=O)c2nnc(O)cc2O)C(C(=O)NCCc2cccc(F)c2)c2cccnc2)cc1,ALP-POS-305f6ec3-40,ALP-POS-305f6ec3-40,4.002176919254275,Ugi
Cc1cnoc1C(=O)N(c1ccc(C(C)(C)C)cc1)C(C(=O)NCCc1cccc(F)c1)c1cccnc1,ALP-POS-305f6ec3-44,ALP-POS-305f6ec3-44,4.002176919254275,Ugi
Cn1cc(C(=O)N(c2ccc(C(C)(C)C)cc2)C(C(=O)NCCc2cccc(F)c2)c2cccnc2)ncc1=O,ALP-POS-305f6ec3-50,ALP-POS-305f6ec3-50,4.002176919254275,Ugi
Cn1cc(C(=O)N(c2ccc(C(C)(C)C)cc2)C(C(=O)NCCc2cccc(F)c2)c2cccnc2)n(C)c1=O,ALP-POS-305f6ec3-56,ALP-POS-305f6ec3-56,4.002176919254275,Ugi
Cn1c(C(=O)N(c2ccc(C(C)(C)C)cc2)C(C(=O)NCCc2cccc(F)c2)c2cccnc2)c[nH]c1=O,ALP-POS-305f6ec3-57,ALP-POS-305f6ec3-57,4.002176919254275,Ugi
O=C(NCc1cccs1)[C@@H](c1ccccc1)N1Cc2ccccc2C1=O,LON-WEI-f8a636e2-1,LON-WEI-f8a636e2-1,4.002176919254275,Ugi
O=C(Nc1ccccc1)[C@@H](c1ccccc1)N1Cc2ccccc2C1=O,LON-WEI-b2874fec-15,LON-WEI-b2874fec-15,4.002176919254275,Ugi
O=C(Nc1ccc(Cl)cc1)[C@@H](c1ccccc1)N1Cc2ccccc2C1=O,LON-WEI-b2874fec-16,LON-WEI-b2874fec-16,4.002176919254275,Ugi
Cc1cccc(NC(=O)[C@@H](c2ccccc2)N2Cc3ccccc3C2=O)n1,LON-WEI-b2874fec-17,LON-WEI-b2874fec-17,4.002176919254275,Ugi
O=C(Nc1ccncc1)[C@@H](c1ccccc1)N1Cc2ccccc2C1=O,LON-WEI-b2874fec-18,LON-WEI-b2874fec-18,4.002176919254275,Ugi
O=C(Nc1ccc(F)cc1)[C@@H](c1ccccc1)N1Cc2ccccc2C1=O,LON-WEI-b2874fec-19,LON-WEI-b2874fec-19,4.002176919254275,Ugi
O=C(NCCc1ccccc1)[C@@H](c1ccccc1)N1Cc2ccccc2C1=O,LON-WEI-b2874fec-22,LON-WEI-b2874fec-22,4.002176919254275,Ugi
N#Cc1ccccc1NC(=O)[C@@H](c1ccccc1)N1Cc2ccccc2C1=O,LON-WEI-b2874fec-23,LON-WEI-b2874fec-23,4.002176919254275,Ugi
O=C(Nc1cccc(F)c1)[C@@H](c1ccccc1)N1Cc2ccccc2C1=O,LON-WEI-b2874fec-24,LON-WEI-b2874fec-24,4.002176919254275,Ugi
O=C(Nc1cccnc1)[C@@H](c1ccccc1)N1Cc2ccccc2C1=O,LON-WEI-b2874fec-25,LON-WEI-b2874fec-25,4.002176919254275,Ugi
Nc1ccc2[nH]c(C(=O)N(C(=O)c3ccco3)C(C(=O)NCCc3cccc(F)c3)c3cccnc3)cc2c1,ALP-POS-02c6a514-10,ALP-POS-02c6a514-10,4.002176919254275,Ugi
CC(C)(C)c1ccc(N(C(=O)c2ccccc2)C(C(=O)NCCc2cccc(F)c2)c2cccnc2)cc1,ALP-POS-02c6a514-11,ALP-POS-02c6a514-11,4.002176919254275,Ugi
COc1cncc(C(C(=O)NCCc2cccc(F)c2)N(C(=O)c2ccco2)c2ccc(C(C)(C)C)cc2)c1C,ALP-POS-02c6a514-13,ALP-POS-02c6a514-13,4.002176919254275,Ugi
CC(C)(C)c1ccc(N(C(=O)c2ccco2)C(C(=O)NCCc2cccc(F)c2)c2coc3ccccc23)cc1,ALP-POS-02c6a514-19,ALP-POS-02c6a514-19,4.002176919254275,Ugi
Cn1cncc1C(=O)N(c1ccc(C(C)(C)C)cc1)C(C(=O)NCCc1cccc(F)c1)c1cccnc1,ALP-POS-02c6a514-22,ALP-POS-02c6a514-22,4.002176919254275,Ugi
CC(C)(C)c1ccc(N(C(=O)c2ccncc2)C(C(=O)NCCc2cccc(F)c2)c2cccnc2)cc1,ALP-POS-02c6a514-26,ALP-POS-02c6a514-26,4.002176919254275,Ugi
CC(C)(C)c1ccc(N(C(=O)c2cccc(C#N)c2)C(C(=O)NCCc2cccc(F)c2)c2cccnc2)cc1,ALP-POS-02c6a514-33,ALP-POS-02c6a514-33,4.002176919254275,Ugi
COc1ccccc1C(=O)N(c1ccc(C(C)(C)C)cc1)C(C(=O)NCCc1cccc(F)c1)c1cccnc1,ALP-POS-02c6a514-40,ALP-POS-02c6a514-40,4.002176919254275,Ugi
CC(C)(C)c1ccc(N(C(=O)c2ccco2)C(C(=O)NCCc2cccc(F)c2)c2n[nH]c3ccccc23)cc1,ALP-POS-02c6a514-48,ALP-POS-02c6a514-48,4.002176919254275,Ugi
CC(C)(C)c1ccc(N(C(=O)C2CCCN2)C(C(=O)NCCc2cccc(F)c2)c2cccnc2)cc1,ALP-POS-02c6a514-51,ALP-POS-02c6a514-51,4.002176919254275,Ugi
O=C(NCCc1cccc(F)c1)C(c1cccnc1)N(Cc1ccccc1)C(=O)c1ccco1,ALP-POS-b0bc6a46-2,ALP-POS-b0bc6a46-2,4.002176919254275,Ugi
CCOC1CC2(C1)CC2N(C(=O)c1ccco1)C(C(=O)NCCc1cccc(F)c1)c1cccnc1,ALP-POS-b0bc6a46-4,ALP-POS-b0bc6a46-4,4.002176919254275,Ugi
O=C(NCCc1cccc(F)c1)C(c1cccnc1)N(Cc1cc(C(F)(F)F)cs1)C(=O)c1ccco1,ALP-POS-b0bc6a46-7,ALP-POS-b0bc6a46-7,4.002176919254275,Ugi
COc1ccccc1N(C(=O)c1ccco1)C(C(=O)NCCc1cccc(F)c1)c1cccnc1,ALP-POS-b0bc6a46-8,ALP-POS-b0bc6a46-8,4.002176919254275,Ugi
COc1ccc(N(C(=O)c2ccco2)C(C(=O)NCCc2cccc(F)c2)c2cccnc2)cc1OCCO,ALP-POS-b0bc6a46-18,ALP-POS-b0bc6a46-18,4.002176919254275,Ugi
O=C(NCCc1cccc(F)c1)C(c1cccnc1)N(C(=O)c1ccco1)[C@H]1C[C@H](c2cc(F)cc(F)c2)C1,ALP-POS-b0bc6a46-21,ALP-POS-b0bc6a46-21,4.002176919254275,Ugi
COc1cc(C)ccc1N(C(=O)c1ccco1)C(C(=O)NCCc1cccc(F)c1)c1cccnc1,ALP-POS-b0bc6a46-25,ALP-POS-b0bc6a46-25,4.002176919254275,Ugi
C=CC(=O)N(c1cc(C(C)(C)C)on1)C(C(=O)NCCc1cccc(F)c1)c1cncc(O)c1,LON-WEI-babf2c61-12,LON-WEI-babf2c61-12,4.002176919254275,Ugi
C=CC(=O)N(c1cc(C(C)(C)C)on1)C(C(=O)NCCc1cccc(F)c1)c1cncc(C#N)c1,LON-WEI-babf2c61-14,LON-WEI-babf2c61-14,4.002176919254275,Ugi
